a, 0,0.411129951477
l, 1,0.776782035828
i, 2,1.13191795349
c, 3,1.41644001007
e, 4,1.64970088005
 , 5,1.97903203964
w, 6,2.76145410538
a, 7,2.9758439064
s, 8,3.25565099716
 , 9,3.55396604538
b, 10,4.30059909821
e, 11,4.54595589638
g, 12,4.81371307373
i, 13,5.07939004898
n, 14,5.37939691544
n, 15,5.67526292801
i, 16,6.00627994537
n, 17,6.31295108795
g, 18,6.54435300827
 , 19,6.85964488983
t, 20,7.70985794067
o, 21,7.98050093651
 , 22,8.29271793365
g, 23,8.90063405037
e, 24,9.16475009918
t, 25,9.47849607468
 , 26,9.83023190498
v, 27,10.5942718983
e, 28,10.9420449734
r, 29,11.1208570004
y, 30,11.2470550537
 , 31,11.5222289562
t, 32,11.7630410194
i, 33,12.2138659954
r, 34,12.5232908726
e, 35,12.7322258949
d, 36,12.9324839115
 , 37,13.1924459934
o, 38,13.8957090378
f, 39,14.0294408798
 , 40,14.4279670715
s, 41,14.97133708
i, 42,15.1894550323
t, 43,15.4682528973
t, 44,15.7084290981
i, 45,15.9454600811
n, 46,16.242814064
g, 47,16.4881448746
 , 48,16.7594349384
b, 49,17.4459769726
y, 50,17.739634037
 , 51,17.9805629253
h, 52,18.7501959801
e, 53,18.8892810345
r, 54,19.204832077
 , 55,19.460267067
s, 56,20.3474059105
i, 57,20.6388580799
s, 58,20.814606905
t, 59,21.1101191044
e, 60,21.3247718811
r, 61,21.3958818913
 , 62,21.8244259357
o, 63,22.5261468887
n, 64,22.8468439579
 , 65,23.0907828808
t, 66,23.7824048996
h, 67,24.0273280144
e, 68,24.2918930054
 , 69,24.4881930351
b, 70,25.164937973
a, 71,25.4369130135
n, 72,25.6945109367
k, 73,25.9820189476
 , 74,26.3268489838
a, 75,26.971405983
n, 76,27.210283041
d, 77,27.4735000134
 , 78,27.6779170036
o, 79,28.293888092
f, 80,28.6163139343
 , 81,28.7829580307
h, 82,29.428467989
none, -1,29.7130489349
a, 83,29.7255330086
v, 84,30.0050439835
i, 85,30.2634561062
n, 86,30.5209538937
g, 87,30.7881829739
 , 88,31.0736789703
n, 89,31.8204059601
o, 90,32.0517430305
t, 91,32.359224081
h, 92,32.5456130505
i, 93,32.7956259251
n, 94,33.0124640465
g, 95,33.2619199753
 , 96,33.5871880054
t, 97,34.334624052
o, 98,34.6152989864
 , 99,34.855604887
d, 100,35.430824995
o, 101,35.6625630856
 , 102,35.9466180801
o, 103,36.6504259109
n, 104,36.9767179489
c, 105,37.2964320183
e, 106,37.5620529652
 , 107,37.8306279182
o, 108,38.6420350075
r, 109,38.9552879333
 , 110,39.3093039989
t, 111,39.9792630672
w, 112,40.2077000141
i, 113,40.5048079491
c, 114,40.796612978
e, 115,41.0417170525
 , 116,41.4040310383
s, 117,42.1574280262
h, 118,42.4802639484
e, 119,42.7156178951
 , 120,43.0847840309
h, 121,43.7164149284
a, 122,43.8641779423
d, 123,44.2459790707
 , 124,44.5629448891
p, 125,45.4089379311
e, 126,45.6582460403
e, 127,45.9552428722
p, 128,46.2414910793
e, 129,46.5097930431
d, 130,46.7584528923
 , 131,47.0847408772
i, 132,47.8742620945
n, 133,48.1805429459
t, 134,48.4821009636
o, 135,48.7489869595
 , 136,49.1672379971
t, 137,49.8926010132
h, 138,50.231112957
e, 139,50.4846849442
 , 140,50.768378973
b, 141,51.4245550632
o, 142,51.6738860607
o, 143,52.0012691021
k, 144,52.3808379173
 , 145,52.6499459743
none, -1,53.4665949345
h, 146,53.4784049988
e, 147,53.7152950764
r, 148,54.0050890446
 , 149,54.2769939899
s, 150,55.0319490433
i, 151,55.2816228867
s, 152,55.5505130291
t, 153,55.8766798973
e, 154,56.2000389099
r, 155,56.453471899
 , 156,56.7653169632
w, 157,57.3687770367
a, 158,57.6808719635
s, 159,57.9517359734
 , 160,58.285615921
r, 161,59.1003129482
e, 162,59.4037179947
a, 163,59.669148922
d, 164,59.964042902
i, 165,60.2399640083
n, 166,60.5803010464
g, 167,60.8904230595
 , 168,61.2032799721
b, 169,62.1650240421
u, 170,62.4194049835
t, 171,62.7185518742
 , 172,63.0501050949
i, 173,63.759939909
t, 174,64.0834779739
 , 175,64.338064909
h, 176,65.1625699997
a, 177,65.4365890026
d, 178,65.7067599297
 , 179,66.0145730972
n, 180,66.6447720528
o, 181,66.9315149784
 , 182,67.2430500984
p, 183,67.9614210129
i, 184,68.2938909531
c, 185,68.5215690136
t, 186,68.8773770332
u, 187,69.1445200443
r, 188,69.3539559841
e, 189,69.7348630428
s, 190,69.9704329967
 , 191,70.3285150528
o, 192,71.0423130989
r, 193,71.6590440273
 , 194,71.8353939056
c, 195,72.1951971054
o, 196,72.3939380646
none, -1,72.7350780964
n, 197,72.7473709583
v, 198,72.9211900234
e, 199,73.281676054
r, 200,73.5181820393
s, 201,73.7856099606
a, 202,74.0643310547
t, 203,74.3539528847
i, 204,74.5679929256
o, 205,74.8097109795
n, 206,75.1293959618
s, 207,75.4215419292
 , 208,75.6437590122
i, 209,76.2923700809
n, 210,76.6995489597
 , 211,77.0055608749
i, 212,77.657695055
t, 213,77.9837989807
none, -1,78.3351559639
 , 214,78.3473539352
a, 215,79.0447669029
n, 216,79.4338760376
d, 217,79.7186059952
 , 218,80.0507659912
w, 219,80.6667070389
h, 220,80.9698970318
a, 221,81.147454977
t, 222,81.5467031002
 , 223,81.7864758968
i, 224,82.3871068954
s, 225,82.6101009846
 , 226,82.9804520607
t, 227,83.6833150387
h, 228,83.965307951
e, 229,84.217676878
 , 230,84.5553700924
u, 231,85.2421278954
s, 232,86.0633509159
e, 233,86.3676018715
 , 234,86.7049410343
o, 235,86.9547688961
f, 236,87.3759980202
 , 237,87.7580831051
a, 238,88.0178480148
 , 239,88.5691530704
b, 240,89.1364901066
o, 241,89.4281680584
o, 242,89.621612072
k, 243,89.9390459061
 , 244,90.3392698765
w, 245,91.5416839123
i, 246,91.7476689816
t, 247,92.1540820599
h, 248,92.4394159317
o, 249,92.8001220226
u, 250,93.0854299068
t, 251,93.372574091
 , 252,93.6245810986
p, 253,94.2025799751
i, 254,94.541572094
c, 255,94.7646710873
t, 256,95.135931015
u, 257,95.3566269875
r, 258,95.5961079597
e, 259,95.9894840717
s, 260,96.2556679249
 , 261,96.5959150791
o, 262,97.1407849789
r, 263,97.4746398926
 , 264,97.7279000282
c, 265,98.2525939941
o, 266,98.5235650539
n, 267,98.8361930847
v, 268,99.0421259403
e, 269,99.3791589737
r, 270,99.6197249889
s, 271,99.9196820259
a, 272,100.189083099
t, 273,100.510403872
i, 274,100.744860888
o, 275,101.019320011
n, 276,101.365679979
s, 277,101.642271042
 , 278,102.004734993
s, 279,102.782645941
o, 280,103.139173031
 , 281,103.451077938
s, 282,103.970021963
h, 283,104.3207829
e, 284,104.658760071
 , 285,104.955827951
w, 286,105.476694107
a, 287,105.76515007
s, 288,106.069879055
 , 289,106.34050703
c, 290,107.053970098
o, 291,107.321826935
n, 292,107.647782087
s, 293,107.868602037
i, 294,108.214561939
d, 295,108.472481012
e, 296,108.873357058
r, 297,109.20201993
i, 298,109.521131039
n, 299,109.782420874
g, 300,110.10383296
 , 301,110.322427988
i, 302,111.031507969
n, 303,111.337754011
 , 304,111.658704996
h, 305,112.304197073
e, 306,112.580388069
r, 307,112.868561983
 , 308,113.120913982
o, 309,113.602842093
w, 310,113.904136896
n, 311,114.174218893
 , 312,114.484097958
m, 313,114.950443983
i, 314,115.254577875
n, 315,115.59792304
d, 316,115.942045927
 , 317,116.151370049
a, 318,116.728951931
s, 319,117.039220095
 , 320,117.350991011
w, 321,117.880233049
e, 322,118.111134052
l, 323,118.470268011
l, 324,118.764074087
 , 325,119.051373959
a, 326,119.642227888
s, 327,119.939711094
 , 328,120.297350883
s, 329,120.889177084
h, 330,121.200992107
e, 331,121.458019018
 , 332,121.785935879
c, 333,122.42099309
o, 334,122.706293106
u, 335,122.951627016
l, 336,123.278173923
d, 337,123.553942919
 , 338,123.789093971
f, 339,124.799702883
o, 340,125.055804014
r, 341,125.206013918
 , 342,125.648897886
t, 343,126.261132002
h, 344,126.592519045
e, 345,126.85985899
 , 346,127.137266874
d, 347,127.582664967
a, 348,127.83938694
y, 349,128.248409033
 , 350,128.451020956
m, 351,128.985105038
a, 352,129.179753065
d, 353,129.476202011
e, 354,129.720122099
 , 355,130.080694914
h, 356,130.801861048
e, 357,131.064240932
r, 358,131.325854063
 , 359,131.744246006
f, 360,132.30866909
e, 361,132.6560359
e, 362,132.83215189
l, 363,132.971556902
 , 364,133.247441053
v, 365,133.743885994
e, 366,133.990076065
r, 367,134.254787922
y, 368,134.559397936
 , 369,134.723025084
s, 370,135.271593094
l, 371,135.442240953
e, 372,135.703787088
e, 373,135.910028934
p, 374,136.155600071
y, 375,136.39319706
 , 376,136.764744043
a, 377,137.333848
n, 378,137.636418104
d, 379,137.870877028
 , 380,138.145968914
s, 381,138.544533968
t, 382,138.88024807
u, 383,139.027406931
p, 384,139.376264095
i, 385,139.591865063
d, 386,139.881474018
 , 387,140.117964029
w, 388,140.768014908
h, 389,141.063080072
e, 390,141.249778986
t, 391,141.551266909
h, 392,141.79085803
e, 393,142.021162033
r, 394,142.340749979
 , 395,142.53500104
t, 396,143.17767787
h, 397,143.393173933
e, 398,143.703260899
 , 399,143.875046015
p, 400,144.485126019
l, 401,144.808526993
e, 402,145.123224974
a, 403,145.362560987
s, 404,145.757452011
u, 405,146.24811101
r, 406,146.547333002
e, 407,146.78814292
 , 408,147.104074001
o, 409,147.822701931
f, 410,148.043006897
 , 411,148.395143986
m, 412,148.94205308
a, 413,149.162296057
k, 414,149.448414087
i, 415,149.754689932
n, 416,150.106652021
g, 417,150.31172204
 , 418,150.662375927
a, 419,150.882056952
 , 420,151.606873989
d, 421,152.048682928
a, 422,152.33889699
i, 423,152.619464874
s, 424,152.854532957
y, 425,153.247452021
 , 426,153.645123959
c, 427,154.366108894
h, 428,154.687053919
a, 429,154.904985905
i, 430,155.198396921
 , 431,155.642016888
w, 432,156.683062077
o, 433,157.052963972
u, 434,157.339639902
l, 435,157.623264074
d, 436,157.889950991
 , 437,158.238492966
b, 438,158.759974957
e, 439,159.063898087
 , 440,159.380857944
w, 441,160.045661926
o, 442,160.266350985
r, 443,160.55441308
t, 444,160.809988976
h, 445,161.093189001
 , 446,161.410851002
t, 447,162.144330025
h, 448,162.40981698
e, 449,162.689737082
 , 450,162.885612011
t, 451,163.624571085
r, 452,163.834897041
o, 453,164.22498703
u, 454,164.452862978
b, 455,164.710102081
l, 456,164.886308908
e, 457,165.157798052
 , 458,165.392462969
o, 459,166.167255878
f, 460,166.464255095
 , 461,166.801438093
g, 462,167.311187983
e, 463,167.566251993
t, 464,167.872823
t, 465,168.165600061
i, 466,168.511195898
n, 467,168.799108028
g, 468,169.038805008
 , 469,169.44216609
u, 470,170.144665003
p, 471,170.421943903
 , 472,170.725776911
a, 473,171.345068932
n, 474,171.602849007
d, 475,171.91246295
 , 476,172.146414042
p, 477,172.765794039
i, 478,173.015013933
c, 479,173.28599596
k, 480,173.549978018
i, 481,173.928771019
n, 482,174.242665052
g, 483,174.541634083
 , 484,174.769232035
t, 485,175.58196187
h, 486,175.933873892
e, 487,176.16228199
 , 488,176.528960943
d, 489,177.0339849
a, 490,177.295134068
i, 491,177.535036087
s, 492,177.76272893
i, 493,177.995191097
e, 494,178.285278082
s, 495,178.614099026
 , 496,178.895899057
w, 497,179.523194075
h, 498,179.893371105
e, 499,180.150449991
n, 500,180.41216588
 , 501,180.71062398
s, 502,181.200187922
u, 503,181.525552034
d, 504,181.817634106
e, 505,182.126995087
n, 506,182.707242966
l, 507,183.050680876
y, 508,183.301762104
 , 509,183.67997694
a, 510,184.188739061
 , 511,184.47248888
w, 512,184.87936306
h, 513,185.18701601
i, 514,185.409559011
t, 515,185.688122034
e, 516,185.912599087
 , 517,186.285160065
r, 518,187.020179033
a, 519,187.238418102
b, 520,187.539633989
b, 521,187.781827927
i, 522,188.078181982
t, 523,188.284888983
 , 524,188.580035925
w, 525,189.206907034
i, 526,189.519520998
t, 527,189.913836002
h, 528,190.216713905
 , 529,190.517541885
p, 530,191.079663992
i, 531,191.334084988
n, 532,191.663958073
k, 533,191.915781975
 , 534,192.230866909
e, 535,192.70251894
y, 536,192.957005024
e, 537,193.369257927
s, 538,193.716850996
 , 539,193.892505884
r, 540,194.380475998
a, 541,194.684957027
n, 542,194.982511997
 , 543,195.245692968
c, 544,195.731534958
l, 545,195.984642029
o, 546,196.241439104
s, 547,196.529049873
e, 548,196.619116068
 , 549,197.052399874
b, 550,197.570564985
y, 551,197.886777878
 , 552,198.066143036
h, 553,198.693815947
e, 554,198.935358047
r, 555,199.159898043
 , 556,199.420824051
t, 557,200.005414963
h, 558,200.352631092
e, 559,200.581844091
r, 560,200.836997986
e, 561,201.131777048
 , 562,201.436822891
w, 563,201.961579084
a, 564,202.257729053
s, 565,202.546308994
 , 566,202.861737967
n, 567,203.415399075
o, 568,203.664731026
t, 569,203.984294891
h, 570,204.203108072
i, 571,204.450284004
n, 572,204.711328983
g, 573,204.992088079
 , 574,205.302877903
a, 575,205.875696898
s, 576,206.164489985
 , 577,206.518891096
r, 578,207.200480938
e, 579,207.432525873
m, 580,207.670908928
a, 581,207.956748009
r, 582,208.292469025
k, 583,208.583299875
a, 584,208.798336983
b, 585,209.081820011
l, 586,209.336371899
e, 587,209.532362938
 , 588,210.019735098
i, 589,210.594002008
n, 590,210.911585093
 , 591,211.155092001
t, 592,211.652119875
h, 593,211.849670887
a, 594,212.10385108
t, 595,212.45202589
 , 596,212.834640026
n, 597,213.394109964
o, 598,213.717380047
r, 599,214.005354881
 , 600,214.226999998
d, 601,214.746005058
i, 602,214.96679306
d, 603,215.199626923
 , 604,215.543233871
a, 605,216.065934896
l, 606,216.366842031
i, 607,216.653115988
c, 608,216.952888012
e, 609,217.243021011
 , 610,217.566755056
t, 611,218.332388878
h, 612,218.553405046
i, 613,218.839637041
n, 614,219.082551956
k, 615,219.409265995
 , 616,219.772391081
i, 617,220.339842081
t, 618,220.621303082
 , 619,220.900489092
s, 620,221.323621035
o, 621,221.637625933
 , 622,221.842464924
v, 623,222.467278004
e, 624,222.695578098
r, 625,223.043291092
y, 626,223.387317896
 , 627,223.669148922
m, 628,224.235039949
u, 629,224.540435076
c, 630,224.827198029
h, 631,224.99126792
 , 632,225.413140059
o, 633,226.151833057
u, 634,226.427078962
t, 635,226.750663996
 , 636,227.002018929
o, 637,227.595700979
f, 638,227.775512934
 , 639,228.079879999
t, 640,228.587018967
h, 641,228.886718988
e, 642,229.086700916
 , 643,229.398716927
w, 644,230.038911104
a, 645,230.300287008
y, 646,230.702424049
 , 647,231.178884983
t, 648,232.01840806
o, 649,232.28481698
 , 650,232.597588062
h, 651,233.197942019
e, 652,233.405132055
a, 653,233.686065912
r, 654,234.052689075
 , 655,234.345628977
t, 656,234.88863802
h, 657,235.191119909
e, 658,235.362689972
 , 659,235.757668018
r, 660,236.225043058
a, 661,236.468708992
b, 662,236.74672389
b, 663,237.013976097
i, 664,237.304538965
t, 665,237.55538106
 , 666,237.897902012
s, 667,238.586364031
a, 668,238.829216003
y, 669,239.248760939
 , 670,239.874150991
t, 671,240.614123106
o, 672,240.822516918
 , 673,241.102675915
i, 674,241.467266083
t, 675,241.582649946
s, 676,241.943166018
e, 677,242.191698074
l, 678,242.536386013
f, 679,242.755132914
 , 680,243.051181078
o, 681,243.660365105
h, 682,244.015543938
 , 683,244.258006096
d, 684,244.669936895
e, 685,244.852137089
a, 686,245.098658085
r, 687,245.415577888
 , 688,245.720634937
o, 689,246.203419924
h, 690,246.532979012
 , 691,246.828957081
d, 692,247.287040949
e, 693,247.50878787
a, 694,247.749866962
r, 695,248.024419069
 , 696,248.204355001
i, 697,248.545868874
 , 698,248.659319878
s, 699,248.982336998
h, 700,249.178056955
a, 701,249.519354105
l, 702,249.755898952
l, 703,249.954256058
 , 704,250.209583998
b, 705,250.699821949
e, 706,250.931164026
 , 707,251.131036043
t, 708,251.703883886
o, 709,252.045366049
o, 710,252.309077024
 , 711,252.549690962
l, 712,253.065821886
a, 713,253.36621809
t, 714,253.704271078
e, 715,253.957496881
 , 716,254.327260017
w, 717,254.854227066
h, 718,255.12797308
e, 719,255.374938011
n, 720,255.6054461
 , 721,255.923079967
s, 722,256.374356031
h, 723,256.717483044
e, 724,256.884293079
 , 725,257.227808952
t, 726,257.816654921
h, 727,258.005562067
o, 728,258.305507898
u, 729,258.56335187
g, 730,258.815737009
h, 731,259.001345873
t, 732,259.322977066
 , 733,259.56160903
i, 734,260.207036018
t, 735,260.493088007
 , 736,260.756045103
o, 737,261.455744028
v, 738,261.755997896
e, 739,262.088337898
r, 740,262.359178066
 , 741,262.694463968
a, 742,263.227967978
f, 743,263.542253017
t, 744,263.786768913
e, 745,264.075371027
r, 746,264.321170092
w, 747,264.59581399
a, 748,264.883351088
r, 749,265.099045038
d, 750,265.460779905
s, 751,265.560703039
 , 752,266.223479986
i, 753,266.918476105
t, 754,267.189552069
 , 755,267.378195047
o, 756,267.949337006
c, 757,268.228238106
c, 758,268.488811016
u, 759,268.866733074
r, 760,269.155056953
r, 761,269.384650946
e, 762,269.661114931
d, 763,269.881648064
 , 764,270.049793959
t, 765,270.826905966
o, 766,271.173475027
 , 767,271.419378996
h, 768,272.235296011
e, 769,272.535378933
r, 770,272.875720024
 , 771,273.173250914
t, 772,274.037267923
h, 773,274.357156992
a, 774,274.637036085
t, 775,274.957338095
 , 776,275.198683023
s, 777,275.879043102
h, 778,276.127430916
e, 779,276.417597055
 , 780,276.578099012
o, 781,277.049817085
u, 782,277.451098919
g, 783,277.714575052
h, 784,277.894397974
t, 785,278.272157907
 , 786,278.559056997
t, 787,279.195487022
o, 788,279.400856018
 , 789,279.831703901
h, 790,280.534331083
a, 791,280.7409091
v, 792,281.093586922
e, 793,281.370011091
 , 794,281.611064911
w, 795,282.118959904
o, 796,282.429132938
n, 797,282.696167946
d, 798,282.994718075
e, 799,283.313271046
r, 800,283.589334965
e, 801,283.888969898
d, 802,284.1281991
 , 803,284.341255903
a, 804,285.034586906
t, 805,285.447654009
 , 806,285.727251053
t, 807,286.592381954
h, 808,286.870236874
i, 809,287.125442982
s, 810,287.494102955
 , 811,287.910445929
b, 812,288.627547979
u, 813,288.921000957
t, 814,289.172297955
 , 815,289.440222979
a, 816,290.057863951
t, 817,290.395869017
 , 818,290.67474699
t, 819,291.1764009
h, 820,291.346065044
e, 821,291.642636061
 , 822,292.00365901
t, 823,292.658473969
i, 824,292.913873911
m, 825,293.228827953
e, 826,293.55920887
 , 827,293.849653959
i, 828,294.714579105
t, 829,294.963479042
 , 830,295.277390957
a, 831,296.037405014
l, 832,296.409346104
l, 833,296.747613907
 , 834,297.079073906
s, 835,297.789340019
e, 836,298.098958015
e, 837,298.393851995
m, 838,298.713728905
e, 839,298.989069939
d, 840,299.276366949
 , 841,299.578758955
q, 842,300.675796986
u, 843,300.910247087
i, 844,301.205374956
t, 845,301.470063925
e, 846,301.762134075
 , 847,302.14031601
n, 848,302.957632065
a, 849,303.132344007
t, 850,303.506264925
u, 851,303.764566898
r, 852,304.099539995
a, 853,304.353734016
l, 854,304.67365098
 , 855,305.049426079
b, 856,305.967106104
u, 857,306.347646952
t, 858,306.739933014
 , 859,307.041107893
w, 860,307.870620012
h, 861,308.234029055
e, 862,308.665354013
n, 863,309.000329971
 , 864,309.290803909
t, 865,309.884176016
h, 866,310.081675053
e, 867,310.293382883
 , 868,310.715745926
r, 869,311.130305052
a, 870,311.426960945
b, 871,311.754291058
b, 872,311.939184904
i, 873,312.258033991
t, 874,312.561702967
 , 875,312.898102045
a, 876,313.545772076
c, 877,313.82632494
t, 878,314.117347002
u, 879,314.406859875
a, 880,314.577751875
l, 881,314.944876909
l, 882,315.202504873
y, 883,315.549403906
 , 884,315.745578051
t, 885,316.379286051
o, 886,316.744762897
o, 887,316.928521872
k, 888,317.305563927
 , 889,317.557645082
a, 890,318.173156023
 , 891,318.515898943
w, 892,319.022044897
a, 893,319.273041964
t, 894,319.529233932
c, 895,319.792998075
h, 896,320.140603065
 , 897,320.479043961
o, 898,321.142368078
u, 899,321.471427917
t, 900,321.845275879
 , 901,322.17886591
o, 902,323.215537071
f, 903,323.457612038
 , 904,323.841918945
i, 905,324.61275506
t, 906,324.779778004
s, 907,325.083142996
 , 908,325.302170038
p, 909,326.101329088
o, 910,326.400386095
c, 911,326.596649885
k, 912,326.839637041
e, 913,327.154663086
t, 914,327.481963873
 , 915,327.880910873
a, 916,328.955029964
n, 917,329.240549088
d, 918,329.502712011
 , 919,329.731245041
b, 920,330.284342051
u, 921,330.609731913
r, 922,330.87181592
n, 923,331.096739054
none, -1,331.399250031
i, 924,331.409909964
n, 925,331.652580976
g, 926,331.892375946
 , 927,332.088011026
w, 928,332.622988939
none, -1,332.848504066
i, 929,332.859658003
t, 930,333.153737068
h, 931,333.569992065
 , 932,333.788111925
c, 933,334.257359028
u, 934,334.449555874
r, 935,334.730415106
i, 936,335.302068949
o, 937,335.618148088
s, 938,335.864028931
i, 939,336.098232985
t, 940,336.378350019
y, 941,336.711289883
 , 942,336.979465008
s, 943,337.710244894
h, 944,338.042195082
e, 945,338.202504873
 , 946,338.48052907
r, 947,339.092278004
a, 948,339.370456934
n, 949,339.68226099
 , 950,339.982923985
a, 951,340.638568878
c, 952,340.881869078
r, 953,341.216068983
o, 954,341.532893896
s, 955,341.749545097
s, 956,341.981425047
 , 957,342.265635967
t, 958,342.824971914
h, 959,343.071196079
e, 960,343.298443079
 , 961,343.603247881
f, 962,344.06960392
i, 963,344.287781
e, 964,344.565983057
l, 965,344.904346943
d, 966,345.093035936
 , 967,345.420023918
a, 968,345.888206005
f, 969,346.239312887
t, 970,346.568032026
e, 971,346.90280509
r, 972,347.19923687
 , 973,347.481214046
i, 974,348.247047901
t, 975,348.570460081
 , 976,348.889003992
a, 977,349.50897789
n, 978,349.826920033
d, 979,350.140980005
 , 980,350.409043074
w, 981,350.996066093
a, 982,351.315744877
s, 983,351.667109966
 , 984,352.039491892
j, 985,352.668912888
u, 986,353.063992977
s, 987,353.317634106
t, 988,353.666676044
 , 989,353.997782946
a, 990,354.629990101
b, 991,354.983195066
o, 992,355.365266085
u, 993,355.631249905
t, 994,356.017044067
 , 995,356.26985693
t, 996,356.888392925
o, 997,357.196177959
 , 998,357.544890881
s, 999,358.524496078
e, 1000,358.593379974
e, 1001,358.98364687
 , 1002,359.311816931
i, 1003,359.684451103
t, 1004,359.994283915
 , 1005,360.188457966
p, 1006,360.545058966
o, 1007,360.869364023
p, 1008,360.984443903
 , 1009,361.504394054
d, 1010,361.923403025
o, 1011,362.105036974
w, 1012,362.577513933
n, 1013,362.901416063
 , 1014,363.13071394
a, 1015,363.700787067
 , 1016,364.08819294
l, 1017,364.588059902
a, 1018,364.820822001
r, 1019,365.112955093
g, 1020,365.380975962
e, 1021,365.605844975
 , 1022,366.343347073
r, 1023,366.878396034
a, 1024,367.124855042
b, 1025,367.452967882
b, 1026,367.623574018
i, 1027,367.972455025
t, 1028,368.30347991
 , 1029,368.534530878
h, 1030,369.091856003
o, 1031,369.514266014
l, 1032,369.768343925
e, 1033,370.135663986
 , 1034,370.366786957
u, 1035,370.990995884
n, 1036,371.289211988
d, 1037,371.621223927
e, 1038,371.980561018
r, 1039,372.277644873
 , 1040,372.570837975
t, 1041,373.149616003
h, 1042,373.569289923
e, 1043,373.869682074
 , 1044,374.158014059
h, 1045,374.884953976
e, 1046,375.185800076
d, 1047,375.421122074
g, 1048,375.719623089
e, 1049,375.96950388
 , 1050,376.490843058
i, 1051,376.970752954
n, 1052,377.248243093
 , 1053,377.589667082
a, 1054,378.205934048
n, 1055,378.460907936
o, 1056,378.751185894
e, 1057,379.061841965
t, 1058,379.608103991
h, 1059,380.097578049
e, 1060,380.401761055
r, 1061,380.66988492
 , 1062,381.012405872
m, 1063,381.706126928
o, 1064,381.985291004
m, 1065,382.226124048
e, 1066,382.411776066
n, 1067,382.704900026
t, 1068,383.003856897
 , 1069,383.275795937
w, 1070,384.087105036
e, 1071,384.317960978
n, 1072,384.615473986
t, 1073,384.891578913
 , 1074,385.191267967
d, 1075,385.836756945
o, 1076,386.154149055
w, 1077,386.3417449
 , 1078,386.948829889
a, 1079,387.870294094
l, 1080,388.184273005
i, 1081,388.511564016
c, 1082,388.8385849
e, 1083,389.170271873
 , 1084,389.478242874
a, 1085,389.991839886
f, 1086,390.260006905
t, 1087,390.577455044
e, 1088,390.8542521
r, 1089,391.108793974
 , 1090,391.459765911
i, 1091,392.050107956
t, 1092,392.304653883
 , 1093,392.700037003
n, 1094,393.113178015
e, 1095,393.320812941
v, 1096,393.63606596
e, 1097,393.917301893
r, 1098,394.00878787
 , 1099,394.621799946
c, 1100,395.135684967
o, 1101,395.415060997
n, 1102,395.710517883
s, 1103,395.925386906
i, 1104,396.251691103
d, 1105,396.657859087
e, 1106,396.959183931
r, 1107,397.214255095
i, 1108,397.573014021
n, 1109,397.845925093
g, 1110,398.163366079
 , 1111,398.374211073
h, 1112,399.110589981
o, 1113,399.401839972
w, 1114,399.633795023
 , 1115,399.917926073
i, 1116,400.573757887
n, 1117,400.827377081
 , 1118,401.143480062
t, 1119,401.553905964
h, 1120,401.858961105
e, 1121,402.07852006
 , 1122,402.277977943
w, 1123,402.91644001
o, 1124,403.182261944
r, 1125,403.521193981
l, 1126,403.822050095
d, 1127,404.121999025
 , 1128,404.338079929
s, 1129,405.001312017
h, 1130,405.272295952
e, 1131,405.518610001
 , 1132,405.779496908
w, 1133,406.183695078
a, 1134,406.47288394
s, 1135,406.742635012
 , 1136,407.052339077
t, 1137,407.699851036
o, 1138,408.006009102
 , 1139,408.285701036
g, 1140,408.594920874
e, 1141,408.904119015
t, 1142,409.183115959
 , 1143,409.454030037
o, 1144,410.011209965
u, 1145,410.311815023
t, 1146,410.532708883
 , 1147,410.934684992
a, 1148,411.477168083
g, 1149,411.731358051
a, 1150,411.950984955
i, 1151,412.26163888
n, 1152,412.595069885
 , 1153,412.927395105
t, 1154,413.674109936
h, 1155,414.040703058
e, 1156,414.194406033
 , 1157,414.538668871
r, 1158,414.929764032
a, 1159,415.267642975
b, 1160,415.54104805
b, 1161,415.706086874
i, 1162,416.050575018
t, 1163,416.313337088
 , 1164,416.535059929
h, 1165,417.060842991
o, 1166,417.374078035
l, 1167,417.613475084
e, 1168,417.981792927
 , 1169,418.259341955
w, 1170,418.947400093
e, 1171,419.172086954
n, 1172,419.507699013
t, 1173,419.760536909
 , 1174,420.024134874
s, 1175,420.298331976
t, 1176,420.990360975
r, 1177,421.301223993
a, 1178,421.51479888
i, 1179,421.730865955
g, 1180,421.958528042
h, 1181,422.266655922
t, 1182,422.476605892
 , 1183,422.698069096
o, 1184,423.438189983
n, 1185,423.736288071
 , 1186,424.018013954
l, 1187,424.814892054
i, 1188,425.097101927
k, 1189,425.358421087
e, 1190,425.571295023
 , 1191,425.875384092
a, 1192,426.080703974
 , 1193,426.697432041
t, 1194,427.108377934
u, 1195,427.453887939
n, 1196,427.841912031
n, 1197,428.058567047
e, 1198,428.327061892
l, 1199,428.562777042
 , 1200,428.859211922
f, 1201,429.872900963
o, 1202,430.216469049
r, 1203,430.539345026
 , 1204,430.780482054
s, 1205,431.520390987
o, 1206,431.869122028
m, 1207,432.129661083
e, 1208,432.338712931
 , 1209,432.673269987
w, 1210,433.273514032
a, 1211,433.521653891
y, 1212,433.95934391
 , 1213,434.437637091
a, 1214,435.179693937
n, 1215,435.352585077
d, 1216,435.679285049
 , 1217,435.897572041
t, 1218,436.664840937
h, 1219,436.936707973
e, 1220,437.544355869
n, 1221,437.718991041
 , 1222,437.730666876
d, 1223,438.322975874
i, 1224,438.567327976
p, 1225,438.803221941
p, 1226,438.975889921
e, 1227,439.330700874
d, 1228,439.626332998
 , 1229,439.813145876
s, 1230,440.414144993
u, 1231,440.740029097
d, 1232,440.980905056
d, 1233,441.181223869
e, 1234,441.459954023
n, 1235,441.630722046
l, 1236,441.985668898
y, 1237,442.243412971
 , 1238,442.514947891
d, 1239,443.239258051
o, 1240,443.507107973
w, 1241,443.783013105
n, 1242,444.230406046
 , 1243,444.465635061
a, 1244,445.653883934
n, 1245,446.288182974
d, 1246,446.637681007
 , 1247,446.905220032
s, 1248,447.499023914
o, 1249,447.668085098
 , 1250,448.049020052
s, 1251,448.446017981
u, 1252,448.706850052
d, 1253,448.981884956
d, 1254,449.164473057
e, 1255,449.481911898
n, 1256,449.712759018
l, 1257,450.017931938
y, 1258,450.281933069
 , 1259,450.504802942
t, 1260,451.075608969
h, 1261,451.290500879
a, 1262,451.533729076
t, 1263,451.788513899
 , 1264,451.970555067
a, 1265,452.427840948
l, 1266,452.704557896
i, 1267,453.011348963
c, 1268,453.348891973
e, 1269,453.674041033
 , 1270,453.99555397
h, 1271,454.668260098
a, 1272,454.873743057
d, 1273,455.189212084
 , 1274,455.524311066
n, 1275,456.261530876
o, 1276,456.50684309
t, 1277,456.828717947
 , 1278,457.050523043
a, 1279,457.249443054
 , 1280,457.827770948
m, 1281,458.228609085
o, 1282,458.485723972
m, 1283,458.730139017
e, 1284,458.992018938
n, 1285,459.242085934
t, 1286,459.498260021
 , 1287,459.870970964
t, 1288,460.343818903
o, 1289,460.649884939
 , 1290,460.883919954
t, 1291,461.305160046
h, 1292,461.588602066
i, 1293,461.812632084
n, 1294,462.152951002
k, 1295,462.411061049
 , 1296,462.805881977
a, 1297,463.397749901
b, 1298,463.717585087
o, 1299,463.96311307
u, 1300,464.276751995
t, 1301,464.517014027
 , 1302,464.707444906
s, 1303,465.183624983
t, 1304,465.531971931
o, 1305,465.709613085
p, 1306,465.996288061
p, 1307,466.184362888
i, 1308,466.611104012
n, 1309,466.879786968
g, 1310,467.156882048
 , 1311,467.451178074
h, 1312,467.950198889
e, 1313,468.112454891
r, 1314,468.217753887
s, 1315,468.78490591
e, 1316,469.151428938
l, 1317,469.403218031
f, 1318,469.635298014
 , 1319,469.863691092
b, 1320,470.604451895
e, 1321,470.852070093
f, 1322,471.301663876
o, 1323,471.600903034
r, 1324,471.829746962
e, 1325,471.907408953
 , 1326,472.332074881
s, 1327,472.913851023
h, 1328,473.156934023
e, 1329,473.402756929
 , 1330,473.781482935
f, 1331,474.352504969
o, 1332,474.543912888
u, 1333,474.887700081
n, 1334,475.155222893
d, 1335,475.415929079
 , 1336,475.640351057
h, 1337,476.289161921
e, 1338,476.552295923
r, 1339,476.838114977
s, 1340,477.18154192
e, 1341,477.48113203
l, 1342,477.764744997
f, 1343,477.905518055
 , 1344,478.066648006
f, 1345,478.620091915
a, 1346,478.864547968
l, 1347,479.119577885
l, 1348,479.28183794
i, 1349,479.664815903
n, 1350,479.917773962
g, 1351,480.244946957
 , 1352,480.425549984
d, 1353,481.110671043
o, 1354,481.549179077
w, 1355,481.87370801
n, 1356,482.115741014
 , 1357,482.454295874
w, 1358,482.969547033
h, 1359,483.35727787
a, 1360,483.624345064
t, 1361,483.902577877
 , 1362,484.22020793
s, 1363,484.631503105
e, 1364,484.951438904
e, 1365,485.253782034
m, 1366,485.539529085
e, 1367,485.785584927
d, 1368,486.15297699
 , 1369,486.393546104
t, 1370,487.80979991
o, 1371,488.101104975
 , 1372,488.382128
b, 1373,488.815002918
e, 1374,489.125911951
 , 1375,489.363692045
a, 1376,489.789083004
 , 1377,490.084307909
v, 1378,490.638851881
e, 1379,490.885730982
r, 1380,491.121419907
y, 1381,491.433502913
 , 1382,491.700067043
d, 1383,492.294913054
e, 1384,492.58751893
e, 1385,492.865746975
p, 1386,493.212874889
 , 1387,493.511678934
w, 1388,494.187382936
e, 1389,494.406704903
l, 1390,494.795499086
l, 1391,495.077118874
 , 1392,495.394898891
e, 1393,496.104513884
i, 1394,496.255702972
t, 1395,496.568048954
h, 1396,496.843225002
e, 1397,497.074471951
r, 1398,497.335839033
 , 1399,497.633569956
t, 1400,498.38352108
none, -1,498.426268101
h, 1401,498.559084892
e, 1402,498.616373062
 , 1403,498.905333996
w, 1404,499.405834913
e, 1405,499.621785879
l, 1406,499.938984871
l, 1407,500.197072029
 , 1408,500.47538209
w, 1409,501.0011549
a, 1410,501.311078072
s, 1411,501.677162886
 , 1412,501.946729898
v, 1413,502.951726913
e, 1414,503.296839952
r, 1415,503.539017916
y, 1416,503.838056087
 , 1417,504.062349081
d, 1418,504.527034044
e, 1419,504.905909061
e, 1420,505.091446877
p, 1421,505.434767008
 , 1422,505.705118895
o, 1423,506.244106054
r, 1424,506.572901964
 , 1425,506.801172972
s, 1426,507.301678896
h, 1427,507.651638031
e, 1428,507.897981882
 , 1429,508.0773561
f, 1430,508.520421028
e, 1431,508.798369884
l, 1432,509.151427984
l, 1433,509.375231028
 , 1434,509.732477903
v, 1435,510.223069906
e, 1436,510.602705956
r, 1437,510.82298398
y, 1438,511.097764015
 , 1439,511.248969078
s, 1440,511.837961912
l, 1441,512.05970788
o, 1442,512.211219072
w, 1443,512.339793921
l, 1444,512.602262974
y, 1445,512.909929991
 , 1446,513.196600914
f, 1447,514.147571087
o, 1448,514.464168072
r, 1449,514.668680906
 , 1450,515.138886929
s, 1451,515.581903934
h, 1452,515.875478983
e, 1453,516.091592073
 , 1454,516.337728024
h, 1455,516.997936964
a, 1456,517.218115091
d, 1457,517.48064208
 , 1458,517.624094963
p, 1459,518.221354961
l, 1460,518.522768021
e, 1461,518.672820091
n, 1462,519.004853964
t, 1463,519.179256916
y, 1464,519.542658091
 , 1465,519.766954899
o, 1466,520.412581921
f, 1467,520.666299105
 , 1468,521.110555887
t, 1469,521.470912933
i, 1470,521.855455875
m, 1471,522.20332408
e, 1472,522.380158901
 , 1473,522.800425053
a, 1474,523.425261021
s, 1475,523.753448963
 , 1476,523.952847004
s, 1477,524.507875919
h, 1478,524.865506887
e, 1479,525.080321074
 , 1480,525.424762964
w, 1481,525.905647039
e, 1482,526.258229017
n, 1483,526.459048986
t, 1484,526.722799063
 , 1485,526.933274984
d, 1486,527.474361897
o, 1487,527.634788036
w, 1488,527.841988087
n, 1489,528.1819911
 , 1490,528.50472188
t, 1491,529.092216015
o, 1492,529.272648096
 , 1493,529.487740993
l, 1494,530.10456109
o, 1495,530.408597946
o, 1496,530.637932062
k, 1497,531.030324936
 , 1498,531.340866089
a, 1499,531.987637997
b, 1500,532.394505978
o, 1501,532.705388069
u, 1502,532.954272032
t, 1503,533.237325907
 , 1504,533.481482029
h, 1505,534.20974803
e, 1506,534.542752981
r, 1507,534.832398891
 , 1508,535.023510933
a, 1509,535.788768053
n, 1510,536.131551027
d, 1511,536.388684034
 , 1512,536.577672005
t, 1513,537.424623013
o, 1514,537.683343887
 , 1515,538.017407894
w, 1516,538.653179884
o, 1517,538.905548096
n, 1518,539.224232912
d, 1519,539.51156497
e, 1520,539.846921921
r, 1521,540.114965916
 , 1522,540.606673956
w, 1523,541.159017086
h, 1524,541.559622049
a, 1525,541.89548707
t, 1526,542.242808104
 , 1527,542.859404087
w, 1528,543.755019903
a, 1529,544.047327042
s, 1530,544.254359961
 , 1531,544.419904947
g, 1532,544.68255806
i, 1533,545.487962961
n, 1534,545.955308914
g, 1535,546.291781902
 , 1536,546.585355043
t, 1537,547.239857912
o, 1538,547.441235065
 , 1539,547.608794928
h, 1540,548.519232035
a, 1541,548.694250107
p, 1542,549.047513962
p, 1543,549.204715014
e, 1544,549.604556084
none, -1,549.82652092
n, 1545,549.838833094
 , 1546,550.145865917
n, 1547,551.073055029
e, 1548,551.222266912
x, 1549,551.48881197
t, 1550,551.85316205
 , 1551,552.035842896
f, 1552,553.145418882
i, 1553,553.362391949
r, 1554,553.721523046
s, 1555,553.996391058
t, 1556,554.175071955
 , 1557,554.625083923
s, 1558,555.305013895
none, -1,555.568275928
h, 1559,555.578655005
e, 1560,555.824326038
 , 1561,556.362626076
t, 1562,556.966608047
r, 1563,557.276022911
i, 1564,557.559915066
e, 1565,559.28867507
d, 1566,559.465051889
 , 1567,559.579823971
t, 1568,560.256445885
o, 1569,560.497394085
 , 1570,560.736464024
l, 1571,561.534203053
o, 1572,561.919694901
o, 1573,562.256437063
k, 1574,562.525289059
 , 1575,562.769815922
d, 1576,563.841222048
o, 1577,564.055432081
w, 1578,564.275130987
n, 1579,564.613394022
 , 1580,564.852421045
a, 1581,565.357239962
n, 1582,565.742165089
d, 1583,565.97369504
 , 1584,566.180111885
w, 1585,566.51356101
o, 1586,566.858603001
n, 1587,567.176696062
d, 1588,567.449574947
e, 1589,567.820936918
r, 1590,568.120527029
 , 1591,568.658475876
w, 1592,569.108069897
h, 1593,569.468168974
a, 1594,569.764483929
t, 1595,570.007114887
 , 1596,570.352880955
w, 1597,571.092875957
a, 1598,571.334574938
s, 1599,571.591713905
 , 1600,571.825728893
c, 1601,572.306894064
o, 1602,572.624737024
m, 1603,572.927192926
i, 1604,573.230283976
n, 1605,573.617526054
g, 1606,573.862458944
 , 1607,574.143012047
n, 1608,575.068962097
e, 1609,575.209325075
x, 1610,575.622648954
t, 1611,576.062331915
 , 1612,576.434298038
b, 1613,577.598479033
u, 1614,577.811549902
t, 1615,578.146244049
 , 1616,578.416096926
i, 1617,578.85935092
t, 1618,579.008130074
 , 1619,579.438891888
w, 1620,579.927613974
a, 1621,580.229542017
s, 1622,580.497775078
 , 1623,580.798603058
t, 1624,581.259782076
o, 1625,581.610754967
o, 1626,581.831052065
 , 1627,582.183593035
d, 1628,582.549103975
a, 1629,583.018397093
r, 1630,584.112253904
k, 1631,584.460211992
 , 1632,584.77700901
t, 1633,585.473047972
o, 1634,585.727194071
 , 1635,586.115357876
m, 1636,586.660712004
a, 1637,586.947553873
k, 1638,587.213797092
e, 1639,587.427246094
 , 1640,587.639122963
o, 1641,588.444876909
u, 1642,588.778176069
t, 1643,588.949969053
 , 1644,589.182702065
a, 1645,589.978364944
n, 1646,590.255619049
y, 1647,590.504270077
t, 1648,590.72753787
h, 1649,591.013562918
i, 1650,591.25581193
n, 1651,591.497572899
g, 1652,591.771320105
 , 1653,592.025870085
t, 1654,592.893349886
h, 1655,593.100976944
e, 1656,593.448179007
n, 1657,593.783484936
 , 1658,593.978777885
s, 1659,594.278461933
h, 1660,594.833828926
e, 1661,595.128030062
 , 1662,595.255639076
l, 1663,595.910860062
o, 1664,596.190090895
o, 1665,596.397969007
k, 1666,596.66237402
e, 1667,597.045139074
d, 1668,597.300093889
 , 1669,597.598520994
a, 1670,598.251695871
t, 1671,598.645381927
 , 1672,598.846993923
t, 1673,599.4899261
h, 1674,599.721030951
e, 1675,599.981995106
 , 1676,600.200255871
s, 1677,600.723558903
i, 1678,601.085699081
d, 1679,601.279433966
e, 1680,601.597831011
s, 1681,601.692306995
 , 1682,602.13232398
o, 1683,602.685827971
f, 1684,602.985301971
 , 1685,603.150327921
t, 1686,603.769609928
h, 1687,604.040322065
e, 1688,604.29302907
 , 1689,604.552396059
w, 1690,605.113231897
e, 1691,605.346508026
l, 1692,605.700263023
l, 1693,605.894818068
 , 1694,606.211073875
a, 1695,606.832318068
n, 1696,606.960306883
d, 1697,607.251626015
 , 1698,607.529700041
n, 1699,607.947170019
o, 1700,608.179574966
t, 1701,608.45452404
i, 1702,608.660260916
c, 1703,608.889991999
e, 1704,609.215969086
d, 1705,609.410044909
 , 1706,609.823487043
t, 1707,610.515461922
h, 1708,610.74328804
a, 1709,611.068072081
t, 1710,611.383253098
 , 1711,611.849701881
t, 1712,612.511547089
h, 1713,612.776860952
e, 1714,612.937467098
y, 1715,613.404288054
 , 1716,613.788408041
w, 1717,614.404723883
e, 1718,614.799469948
r, 1719,615.077883959
e, 1720,615.332808018
 , 1721,615.666627884
f, 1722,616.109597921
i, 1723,616.447527885
l, 1724,616.747895002
l, 1725,616.916514874
e, 1726,617.257626057
d, 1727,617.531177044
 , 1728,617.919583082
w, 1729,618.367666006
i, 1730,618.536671877
t, 1731,618.838119984
h, 1732,619.094209909
 , 1733,619.391746044
c, 1734,620.11146307
u, 1735,620.287973881
p, 1736,620.387810946
b, 1737,620.660218954
o, 1738,620.903553963
a, 1739,621.101625919
r, 1740,621.490032911
d, 1741,621.865334034
s, 1742,622.178445101
a, 1743,622.423417091
 , 1744,623.148298025
a, 1745,623.781480074
n, 1746,624.001713037
d, 1747,624.267457008
 , 1748,624.418843031
b, 1749,624.668883085
o, 1750,625.051582098
o, 1751,625.186369896
k, 1752,625.494035006
 , 1753,625.655392885
s, 1754,625.792752981
h, 1755,626.036108017
none, -1,626.182705879
e, 1756,626.193114042
l, 1757,626.688158989
v, 1758,626.870234013
e, 1759,627.267056942
s, 1760,627.682210922
 , 1761,628.041810989
h, 1762,628.804491043
e, 1763,629.086788893
r, 1764,629.382071018
e, 1765,629.506486893
 , 1766,630.147862911
a, 1767,630.59286809
n, 1768,630.837346077
d, 1769,631.119675875
 , 1770,631.341645002
t, 1771,631.756817102
h, 1772,632.156531096
e, 1773,632.489403009
r, 1774,632.828737974
e, 1775,633.076818943
 , 1776,633.315989971
s, 1777,634.08861208
h, 1778,634.418453932
e, 1779,634.683633089
 , 1780,634.97469306
s, 1781,635.47872591
a, 1782,636.154031992
w, 1783,636.41859889
 , 1784,636.615581036
m, 1785,636.929028988
a, 1786,637.133409977
p, 1787,637.397170067
s, 1788,637.72667098
 , 1789,637.986496925
a, 1790,638.243519068
n, 1791,638.366355896
d, 1792,638.645726919
 , 1793,639.021303892
p, 1794,639.457412958
i, 1795,639.788433075
c, 1796,639.959956884
t, 1797,640.364692926
u, 1798,640.627324104
r, 1799,640.86956501
e, 1800,641.225677013
s, 1801,641.34104991
 , 1802,641.788459063
h, 1803,642.297997952
u, 1804,642.623414993
n, 1805,642.976413012
g, 1806,643.235617876
s, 1807,643.560703993
 , 1808,643.744682074
u, 1809,644.563574076
p, 1810,644.822375059
o, 1811,645.107740879
n, 1812,645.382451057
 , 1813,645.639496088
p, 1814,646.217617035
e, 1815,646.500570059
g, 1816,646.83710289
s, 1817,647.085192919
 , 1818,647.534475088
s, 1819,647.776551008
h, 1820,648.038165092
e, 1821,648.41742897
 , 1822,648.69868207
t, 1823,649.278474092
o, 1824,649.625154972
o, 1825,649.99999094
k, 1826,650.289090872
 , 1827,650.594120026
d, 1828,651.16185689
o, 1829,651.467545033
w, 1830,651.709840059
n, 1831,652.094211102
 , 1832,652.421094894
a, 1833,652.992690086
 , 1834,653.378134012
j, 1835,654.017426968
a, 1836,654.458256006
r, 1837,655.29185009
 , 1838,655.632910967
f, 1839,656.938930988
r, 1840,657.226882935
o, 1841,657.355758905
none, -1,657.42462492
m, 1842,657.437304974
 , 1843,657.892059088
o, 1844,658.837800026
n, 1845,659.161443949
e, 1846,659.392960072
 , 1847,659.574336052
o, 1848,659.812155962
f, 1849,660.190576077
 , 1850,660.49413991
t, 1851,661.050272942
h, 1852,661.354007959
e, 1853,661.693382025
 , 1854,661.909184933
s, 1855,662.756639957
h, 1856,663.025034904
e, 1857,663.226301908
l, 1858,663.765739918
v, 1859,663.952642918
e, 1860,664.30233407
s, 1861,664.590801001
 , 1862,664.949726105
a, 1863,666.196325064
s, 1864,666.495353937
 , 1865,666.876689911
s, 1866,667.845576048
h, 1867,668.158484936
e, 1868,668.35749197
 , 1869,668.954921007
p, 1870,669.459506989
a, 1871,669.707932949
s, 1872,670.040567875
s, 1873,670.327477932
e, 1874,670.741555929
d, 1875,671.032432079
none, -1,671.54093194
 , 1876,671.551280975
f, 1877,672.132869959
i, 1878,672.524556875
r, 1879,672.86156702
s, 1880,673.164066076
t, 1881,673.509018898
 , 1882,674.038470984
b, 1883,675.072746992
u, 1884,675.330038071
t, 1885,675.65121603
 , 1886,675.926043987
t, 1887,676.266908884
o, 1888,676.59688592
 , 1889,676.930960894
h, 1890,677.568868876
e, 1891,677.837792873
r, 1892,678.086299896
 , 1893,678.333924055
d, 1894,679.703007936
i, 1895,679.945358992
s, 1896,680.293077946
a, 1897,680.469271898
p, 1898,680.479952097
p, 1899,680.65022397
o, 1900,680.888026953
i, 1901,681.173039913
n, 1902,681.39962697
t, 1903,681.68492198
m, 1904,681.985236883
e, 1905,682.120112896
n, 1906,682.30497098
t, 1907,682.646356106
 , 1908,682.925360918
i, 1909,683.555348873
t, 1910,683.825687885
 , 1911,684.108635902
w, 1912,684.724973917
a, 1913,685.064233065
s, 1914,685.298017979
 , 1915,685.548456907
e, 1916,685.993136883
m, 1917,686.331432104
p, 1918,686.612737894
t, 1919,686.82604003
y, 1920,687.242573977
 , 1921,687.522932053
s, 1922,688.144083023
h, 1923,688.330754995
e, 1924,688.601393938
 , 1925,688.960501909
d, 1926,689.360845089
i, 1927,689.614130974
d, 1928,689.819622993
 , 1929,690.145512104
n, 1930,690.759943008
o, 1931,691.093575001
t, 1932,691.430533886
 , 1933,691.663964033
l, 1934,692.189419985
i, 1935,692.507107973
k, 1936,692.717159986
e, 1937,693.065922976
 , 1938,693.270294905
t, 1939,693.676950932
o, 1940,694.227247
 , 1941,694.486860991
d, 1942,694.887563944
r, 1943,695.183897972
o, 1944,695.432705879
p, 1945,695.733206987
 , 1946,695.977940083
t, 1947,696.407842875
h, 1948,696.575731993
e, 1949,696.813108921
 , 1950,697.018317938
j, 1951,697.45510602
a, 1952,697.820981026
r, 1953,698.063284874
 , 1954,698.261360884
f, 1955,699.174357891
o, 1956,699.325987101
r, 1957,699.638215065
 , 1958,700.004291058
f, 1959,700.493488073
e, 1960,700.846999884
a, 1961,701.115726948
r, 1962,701.399245024
 , 1963,701.7836411
o, 1964,702.114938021
f, 1965,702.567111969
 , 1966,702.782778025
k, 1967,703.401916981
i, 1968,703.793900967
l, 1969,704.10295105
l, 1970,704.265920877
i, 1971,704.684101105
n, 1972,704.995248079
g, 1973,705.279174089
 , 1974,705.599952936
s, 1975,706.182595968
o, 1976,706.511903048
m, 1977,706.788378954
e, 1978,707.044224024
b, 1979,707.40623498
o, 1980,707.729027033
d, 1981,707.874167919
y, 1982,708.63026309
 , 1983,708.955431938
u, 1984,709.851562977
n, 1985,710.13954401
d, 1986,710.391670942
e, 1987,710.779720068
r, 1988,711.059655905
n, 1989,711.612530947
e, 1990,711.914886951
a, 1991,712.197030067
t, 1992,712.568252087
h, 1993,712.842456102
 , 1994,713.257585049
s, 1995,713.935283899
o, 1996,714.104048014
 , 1997,714.515388966
s, 1998,715.129143953
h, 1999,715.425869942
e, 2000,715.681158066
 , 2001,715.977612019
m, 2002,716.590203047
a, 2003,716.861572981
n, 2004,717.148278952
a, 2005,717.330384016
g, 2006,717.647418022
e, 2007,717.952492952
d, 2008,718.145647049
 , 2009,718.552030087
t, 2010,719.097117901
o, 2011,719.330578089
 , 2012,719.613781929
p, 2013,719.994956017
u, 2014,720.415843964
t, 2015,720.6910851
 , 2016,720.980490923
i, 2017,721.767385006
t, 2018,722.017621994
 , 2019,722.203191996
i, 2020,722.663887978
n, 2021,723.107125998
t, 2022,723.452718973
o, 2023,723.673599958
 , 2024,724.026427984
o, 2025,724.548202038
n, 2026,724.875683069
e, 2027,725.227890968
 , 2028,725.478919983
o, 2029,726.076555967
f, 2030,726.414126873
 , 2031,726.655992031
t, 2032,727.178591967
h, 2033,727.475822926
e, 2034,727.764435053
 , 2035,728.033176899
c, 2036,728.374029875
u, 2037,728.742958069
p, 2038,729.047422886
b, 2039,729.349778891
o, 2040,729.589173079
a, 2041,729.864975929
r, 2042,730.234227896
d, 2043,730.585911036
s, 2044,730.849782944
 , 2045,731.335979939
a, 2046,732.11472702
s, 2047,732.397932053
 , 2048,732.787096977
s, 2049,733.3022089
h, 2050,733.675617933
e, 2051,733.821538925
 , 2052,734.33179903
f, 2053,734.802469969
e, 2054,735.070239067
e, 2055,735.265618086
l, 2056,735.829233885
l, 2057,736.144608974
 , 2058,736.3880229
p, 2059,737.060286045
a, 2060,737.421779871
s, 2061,737.653369904
t, 2062,738.042181969
 , 2063,738.269619942
i, 2064,739.09769392
t, 2065,739.493025064
 , 2066,740.349920988
w, 2067,741.285732985
e, 2068,741.462760925
l, 2069,741.762219906
l, 2070,741.974526882
 , 2071,742.304550886
t, 2072,742.983479977
h, 2073,743.231045008
o, 2074,743.553195
u, 2075,743.850440979
g, 2076,744.121170998
h, 2077,744.270720005
t, 2078,744.558659077
 , 2079,744.937584877
a, 2080,745.338530064
l, 2081,745.707164049
i, 2082,746.025489092
c, 2083,746.324920893
e, 2084,746.570491076
 , 2085,746.924521923
t, 2086,747.710134029
o, 2087,747.904377937
 , 2088,748.290175915
h, 2089,749.14368701
e, 2090,749.488996029
r, 2091,749.735255957
s, 2092,750.053958893
e, 2093,750.344121933
l, 2094,750.633989096
f, 2095,750.807322979
 , 2096,751.112555027
a, 2097,751.791001081
f, 2098,752.056006908
t, 2099,752.417351961
e, 2100,752.689776897
r, 2101,752.970982075
 , 2102,753.289620876
s, 2103,753.819984913
u, 2104,754.178916931
c, 2105,754.40950799
h, 2106,754.67583704
 , 2107,754.957097054
a, 2108,755.517343044
 , 2109,755.87351799
f, 2110,756.619930029
a, 2111,756.980158091
l, 2112,757.488462925
l, 2113,757.624964952
 , 2114,758.513041973
a, 2115,759.284502983
s, 2116,759.591289997
 , 2117,759.788888931
t, 2118,760.484673023
h, 2119,760.721982002
i, 2120,760.970169067
s, 2121,761.159085035
 , 2122,761.405263901
i, 2123,762.106720924
 , 2124,762.204736948
s, 2125,762.995909929
h, 2126,763.228986025
a, 2127,763.58594799
l, 2128,763.993798018
l, 2129,764.185227871
 , 2130,764.511353016
t, 2131,765.222287893
h, 2132,765.420995951
i, 2133,765.675354004
n, 2134,765.999706984
k, 2135,766.302224874
 , 2136,766.585371017
n, 2137,767.212977886
o, 2138,767.47971797
t, 2139,767.874903917
h, 2140,768.107475042
i, 2141,768.406846046
n, 2142,768.644190073
g, 2143,769.028532982
 , 2144,769.281852961
o, 2145,769.674697876
f, 2146,770.13706708
 , 2147,770.317348957
t, 2148,770.836242914
u, 2149,771.034727097
m, 2150,771.376079082
b, 2151,771.662277937
l, 2152,771.957074881
i, 2153,772.333484888
n, 2154,772.884418011
g, 2155,773.213063955
 , 2156,773.581521988
d, 2157,774.246865034
o, 2158,774.536515951
w, 2159,774.796849012
n, 2160,775.127008915
 , 2161,775.422635078
s, 2162,775.905807018
t, 2163,776.247310877
a, 2164,776.487042904
i, 2165,776.720628977
r, 2166,777.098752975
s, 2167,777.403512955
 , 2168,777.767150879
h, 2169,778.475054979
o, 2170,778.545136929
w, 2171,778.975411892
 , 2172,779.293348074
b, 2173,779.637294054
r, 2174,780.03944993
a, 2175,780.305455923
v, 2176,780.650579929
e, 2177,780.931607962
 , 2178,781.156301022
t, 2179,781.756444931
h, 2180,782.036169052
e, 2181,782.223186016
y, 2182,782.590738058
 , 2183,782.800632954
w, 2184,783.404216051
i, 2185,783.61204505
l, 2186,784.043200016
l, 2187,784.41920805
 , 2188,784.66482091
t, 2189,785.396991014
h, 2190,785.54262495
i, 2191,785.83720088
n, 2192,786.125987053
k, 2193,786.415111065
 , 2194,786.875588894
m, 2195,787.421256065
e, 2196,787.71084094
 , 2197,787.969039917
a, 2198,788.542840004
t, 2199,788.914078951
 , 2200,789.123256922
h, 2201,789.531009912
o, 2202,789.992300034
m, 2203,790.327251911
e, 2204,790.667288065
 , 2205,790.925899982
w, 2206,791.616878033
h, 2207,791.897816896
y, 2208,792.241311073
 , 2209,792.564583063
i, 2210,793.077922106
 , 2211,793.3031919
w, 2212,793.892402887
o, 2213,794.494127989
u, 2214,794.819699049
l, 2215,795.1924119
d, 2216,795.485961914
 , 2217,795.795629025
n, 2218,796.425256968
o, 2219,796.762217999
t, 2220,797.234786987
 , 2221,797.535440922
s, 2222,798.132337093
a, 2223,798.488198042
y, 2224,798.866122007
 , 2225,799.091295004
a, 2226,799.602174044
n, 2227,799.967725039
y, 2228,800.358764887
t, 2229,800.66483593
h, 2230,800.882580996
i, 2231,801.173300982
n, 2232,801.461477995
g, 2233,801.883761883
none, -1,802.163055897
 , 2234,802.230736971
a, 2235,802.712907076
b, 2236,803.071451902
o, 2237,803.444824934
u, 2238,803.733041048
t, 2239,803.994554043
 , 2240,804.227974892
i, 2241,804.790445089
t, 2242,805.006598949
 , 2243,805.331666946
e, 2244,806.088660002
v, 2245,806.404793978
e, 2246,806.585500002
n, 2247,806.96332407
 , 2248,807.229474068
i, 2249,807.850511074
f, 2250,808.086755991
 , 2251,808.507914066
i, 2252,809.063643932
 , 2253,809.364813089
f, 2254,809.811563015
e, 2255,810.097476006
l, 2256,810.396466017
l, 2257,810.61212492
 , 2258,810.982193947
o, 2259,811.640930891
f, 2260,811.964575052
f, 2261,812.23170805
 , 2262,812.584347963
t, 2263,813.066087961
h, 2264,813.398479939
e, 2265,813.545043945
 , 2266,813.8801229
t, 2267,814.343390942
o, 2268,814.658384085
p, 2269,814.918022871
 , 2270,815.419199944
o, 2271,816.077466965
f, 2272,816.328310966
 , 2273,816.643039942
t, 2274,817.369807005
h, 2275,817.719392061
e, 2276,817.95519805
 , 2277,818.227665901
h, 2278,818.819649935
o, 2279,819.226022005
u, 2280,819.562287092
s, 2281,819.922147989
e, 2282,820.142571926
 , 2283,820.525342941
w, 2284,821.125147104
h, 2285,821.430569887
i, 2286,821.622714996
c, 2287,821.903871059
h, 2288,822.235683918
none, -1,822.562763929
 , 2289,822.574846983
w, 2290,823.164681911
a, 2291,823.422360897
s, 2292,823.73122406
 , 2293,824.028407097
v, 2294,824.611057997
e, 2295,824.898551941
r, 2296,825.191596031
y, 2297,825.492223024
 , 2298,825.671637058
l, 2299,826.209233046
i, 2300,826.480422974
k, 2301,826.693085909
e, 2302,826.897710085
l, 2303,827.170151949
y, 2304,827.47633791
 , 2305,827.910609007
t, 2306,828.561906099
r, 2307,828.89299798
u, 2308,829.168899059
e, 2309,829.478453875
 , 2310,829.782218933
a, 2311,830.398927927
l, 2312,830.661375999
i, 2313,831.078183889
c, 2314,831.470653057
e, 2315,831.676522017
 , 2316,832.259893894
w, 2317,832.88704896
a, 2318,833.186852932
s, 2319,833.430622101
 , 2320,833.837060928
b, 2321,834.299210072
e, 2322,834.550188065
g, 2323,834.839171886
i, 2324,835.128560066
n, 2325,835.398014069
n, 2326,836.131681919
i, 2327,836.516066074
n, 2328,836.777128935
g, 2329,837.031656981
 , 2330,837.332226038
t, 2331,838.010037899
o, 2332,838.211534977
 , 2333,838.51125288
g, 2334,839.025285959
e, 2335,839.325696945
t, 2336,839.650341988
 , 2337,839.94749999
v, 2338,840.28282094
e, 2339,840.64550209
r, 2340,840.844310045
y, 2341,841.246180058
 , 2342,841.440104008
t, 2343,841.995016098
i, 2344,842.230099916
r, 2345,842.492681026
e, 2346,842.792283058
d, 2347,843.032891989
 , 2348,843.421750069
o, 2349,844.065587044
f, 2350,844.229068041
 , 2351,844.582304955
s, 2352,845.169121027
i, 2353,845.460793018
t, 2354,845.666802883
t, 2355,845.988179922
i, 2356,846.269587994
n, 2357,846.503866911
g, 2358,846.687758923
 , 2359,847.02593708
b, 2360,847.52776289
y, 2361,847.862519979
 , 2362,848.049654007
h, 2363,848.709084034
e, 2364,848.90982604
r, 2365,849.199568987
 , 2366,849.712985992
s, 2367,850.189162016
i, 2368,850.452728033
s, 2369,850.620840073
t, 2370,850.915301085
e, 2371,851.289469004
r, 2372,851.52442503
 , 2373,852.044084072
o, 2374,852.585129976
n, 2375,852.861449003
 , 2376,853.106203079
t, 2377,853.512723923
h, 2378,853.834486008
e, 2379,854.030955076
 , 2380,854.206671
b, 2381,854.597400904
a, 2382,854.950578928
n, 2383,855.195190907
k, 2384,855.524484873
 , 2385,855.884413958
o, 2386,856.461268902
f, 2387,856.732193947
 , 2388,856.979273081
h, 2389,857.899769068
a, 2390,858.093029022
v, 2391,858.31791997
i, 2392,858.480295897
n, 2393,858.797662973
g, 2394,859.116431952
 , 2395,859.339917898
n, 2396,859.831953049
o, 2397,860.085361004
t, 2398,860.374047041
h, 2399,860.613276958
i, 2400,860.884694099
n, 2401,861.147587061
g, 2402,861.424298048
 , 2403,861.607300997
t, 2404,862.326931953
o, 2405,862.522864103
 , 2406,862.757441044
d, 2407,863.065710068
o, 2408,863.337596893
 , 2409,863.750912905
o, 2410,864.596158981
n, 2411,864.862588882
c, 2412,865.20566988
e, 2413,865.463828087
 , 2414,865.732349873
o, 2415,866.209681988
r, 2416,866.548319101
 , 2417,866.732376099
t, 2418,867.174179077
w, 2419,867.433340073
i, 2420,867.667854071
c, 2421,867.968512058
e, 2422,868.23652792
 , 2423,868.552210093
s, 2424,869.179152012
h, 2425,869.507652044
e, 2426,869.725045919
 , 2427,870.025543928
h, 2428,870.708560944
a, 2429,870.969815969
d, 2430,871.290673971
 , 2431,871.663184881
p, 2432,872.143512011
e, 2433,872.380066872
e, 2434,872.651086092
p, 2435,872.96142602
e, 2436,873.158190966
d, 2437,873.481550932
 , 2438,873.921711922
i, 2439,874.450084925
n, 2440,874.726171017
t, 2441,875.028317928
o, 2442,875.207926989
 , 2443,875.432693958
t, 2444,875.989787102
h, 2445,876.254052877
e, 2446,876.435940981
 , 2447,876.609621048
b, 2448,877.388103962
o, 2449,877.736397982
o, 2450,877.920674086
k, 2451,878.188561916
 , 2452,878.466253996
h, 2453,879.150213003
e, 2454,879.365878105
r, 2455,879.671433926
 , 2456,879.860198021
s, 2457,880.603051901
i, 2458,880.914715052
s, 2459,881.114365101
t, 2460,882.208092928
e, 2461,882.72061801
r, 2462,882.943587065
 , 2463,883.176395893
w, 2464,883.724299908
a, 2465,884.061709881
s, 2466,884.33012104
 , 2467,884.649518013
r, 2468,885.266155958
e, 2469,885.586991072
a, 2470,885.811671019
d, 2471,886.081504107
i, 2472,886.395426989
n, 2473,886.635658026
g, 2474,886.912209034
 , 2475,887.11834693
b, 2476,887.666228056
u, 2477,887.855088949
t, 2478,888.072743893
 , 2479,888.404992104
i, 2480,888.875222921
t, 2481,889.151096106
 , 2482,889.456835032
h, 2483,890.117218018
a, 2484,890.321125031
d, 2485,890.624922991
 , 2486,890.843784094
n, 2487,891.555712938
o, 2488,891.839660883
 , 2489,892.144197941
p, 2490,892.775542974
i, 2491,893.059635878
c, 2492,893.310637951
t, 2493,893.636074066
u, 2494,893.904908895
r, 2495,894.039846897
e, 2496,894.42544198
s, 2497,894.640521049
 , 2498,895.029298067
o, 2499,895.801832914
r, 2500,896.041568041
 , 2501,896.311803102
c, 2502,896.866939068
o, 2503,897.129653931
n, 2504,897.388705015
v, 2505,897.574233055
e, 2506,897.920996904
r, 2507,898.108077049
s, 2508,898.34294796
a, 2509,898.566956997
t, 2510,898.89860487
i, 2511,899.062213898
o, 2512,899.303364038
n, 2513,899.584839106
s, 2514,899.853642941
 , 2515,900.085740089
i, 2516,900.727231026
n, 2517,900.98978591
 , 2518,901.291691065
i, 2519,901.767183065
t, 2520,901.994927883
 , 2521,902.268018961
a, 2522,902.87947607
n, 2523,903.093430996
d, 2524,903.370085955
 , 2525,903.65030098
w, 2526,903.962759972
h, 2527,904.243148088
a, 2528,904.479031086
a, 2529,904.592940092
t, 2530,905.004047871
 , 2531,905.230237007
i, 2532,905.874521017
s, 2533,906.088625908
 , 2534,906.261986971
t, 2535,906.940623999
h, 2536,907.153214931
e, 2537,907.396162033
 , 2538,907.612169027
u, 2539,908.207231998
s, 2540,908.592137098
e, 2541,908.885495901
 , 2542,909.164839029
o, 2543,909.662895918
f, 2544,909.966674089
none, -1,910.169401884
 , 2545,910.179620981
a, 2546,910.409856081
 , 2547,910.884442091
b, 2548,911.500807047
o, 2549,911.737518072
o, 2550,911.887567043
k, 2551,912.161791086
 , 2552,912.407598019
t, 2553,913.047533035
h, 2554,913.3036201
o, 2555,913.590035915
u, 2556,913.883460045
g, 2557,914.148077965
h, 2558,914.322216034
t, 2559,914.575026989
 , 2560,914.906611919
a, 2561,915.441610098
l, 2562,915.730278015
i, 2563,916.014132023
c, 2564,916.305593014
e, 2565,916.528354883
 , 2566,916.859414101
w, 2567,917.441982985
i, 2568,917.658511877
t, 2569,917.970984936
h, 2570,918.191576958
o, 2571,918.539439917
u, 2572,918.821161985
t, 2573,919.044305086
 , 2574,919.250430107
p, 2575,919.909926891
i, 2576,920.200493097
c, 2577,920.387301922
t, 2578,920.705990076
u, 2579,920.944043875
r, 2580,921.114943027
e, 2581,921.496269941
s, 2582,921.74020505
 , 2583,922.043721914
o, 2584,922.868623018
r, 2585,923.216120958
 , 2586,923.391889095
c, 2587,923.813930035
o, 2588,924.139904022
n, 2589,924.488684893
v, 2590,924.676100016
e, 2591,924.984620094
r, 2592,925.081101894
s, 2593,925.449845076
a, 2594,925.673440933
t, 2595,925.977365971
i, 2596,926.22505188
o, 2597,926.485466957
n, 2598,926.689131021
s, 2599,927.057765961
 , 2600,927.260457039
s, 2601,927.926431894
o, 2602,928.190010071
 , 2603,928.425859928
s, 2604,928.860841036
h, 2605,929.254692078
e, 2606,929.554229975
 , 2607,929.821487904
w, 2608,930.303095102
a, 2609,930.56725502
s, 2610,930.800342083
 , 2611,931.017762899
c, 2612,931.521573067
o, 2613,931.845669985
n, 2614,932.112447023
s, 2615,932.45421505
d, 2616,932.843801975
i, 2617,933.560251951
e, 2618,933.889328957
r, 2619,934.005697966
i, 2620,934.388124943
n, 2621,934.671952963
g, 2622,934.87805295
 , 2623,935.094630003
i, 2624,935.620022058
n, 2625,935.862003088
 , 2626,936.233644009
h, 2627,936.80485487
e, 2628,937.127562046
r, 2629,937.380496979
 , 2630,937.605429888
o, 2631,938.020838022
w, 2632,938.237485886
n, 2633,938.556494951
 , 2634,938.832909107
m, 2635,939.101521015
i, 2636,939.61501503
n, 2637,939.914525032
d, 2638,940.244026899
 , 2639,940.653707981
a, 2640,941.127598047
s, 2641,941.409512043
 , 2642,941.629077911
w, 2643,942.109091043
e, 2644,942.325920105
l, 2645,942.729095936
l, 2646,943.090620995
 , 2647,943.35650897
a, 2648,943.927613974
s, 2649,944.229871035
 , 2650,944.460867882
s, 2651,944.850219965
h, 2652,945.137286901
e, 2653,945.3781991
 , 2654,945.600291014
c, 2655,946.019957066
o, 2656,946.292565107
u, 2657,946.575193882
l, 2658,946.860449076
d, 2659,947.048336029
 , 2660,947.363169909
f, 2661,948.083359957
o, 2662,948.364654064
r, 2663,948.621656895
 , 2664,948.985280991
t, 2665,949.656107903
h, 2666,950.035424948
e, 2667,950.218231916
 , 2668,950.357083082
h, 2669,950.83991003
o, 2670,951.076279879
t, 2671,951.425666094
 , 2672,951.597618103
d, 2673,952.043679953
a, 2674,952.272307873
y, 2675,952.651699066
 , 2676,952.857872009
m, 2677,953.645689011
a, 2678,953.75760603
d, 2679,954.071249008
e, 2680,954.257551908
 , 2681,954.451600075
h, 2682,955.188523054
e, 2683,955.416246891
r, 2684,955.720493078
 , 2685,955.963543892
f, 2686,956.427661896
e, 2687,956.719446898
e, 2688,956.921215057
l, 2689,957.208245039
 , 2690,957.512248993
v, 2691,957.770695925
e, 2692,958.429589033
r, 2693,958.691442966
y, 2694,959.023848057
 , 2695,959.220660925
s, 2696,959.837328911
l, 2697,960.063245058
e, 2698,960.359276056
e, 2699,960.580584049
p, 2700,960.931691885
y, 2701,961.208919048
 , 2702,961.520118952
a, 2703,962.025762081
n, 2704,962.241893053
d, 2705,962.422538042
 , 2706,962.846693039
s, 2707,963.365184069
t, 2708,963.698065996
u, 2709,963.980376005
p, 2710,964.339513063
i, 2711,964.581044912
d, 2712,964.920373917
 , 2713,965.414794922
w, 2714,965.972065926
h, 2715,966.295203924
e, 2716,966.479795933
t, 2717,966.752738953
h, 2718,966.957263947
e, 2719,967.208090067
r, 2720,967.456383944
 , 2721,967.755623102
t, 2722,968.347477913
h, 2723,968.575483084
e, 2724,968.847116947
 , 2725,969.135829926
p, 2726,969.939014912
l, 2727,970.295837879
e, 2728,970.479120016
a, 2729,970.776983023
s, 2730,971.018352032
u, 2731,971.391562939
r, 2732,971.664952993
e, 2733,971.880788088
 , 2734,972.523792982
o, 2735,973.150151968
f, 2736,973.431197882
 , 2737,973.753602028
m, 2738,974.42653203
a, 2739,974.641448975
k, 2740,974.927958965
i, 2741,975.256994963
n, 2742,975.534981012
g, 2743,975.691426992
 , 2744,976.048258066
a, 2745,976.677521944
 , 2746,976.982825041
d, 2747,977.582231998
a, 2748,977.823774099
i, 2749,978.127019882
s, 2750,978.263694048
y, 2751,978.622588873
 , 2752,978.782501936
c, 2753,979.043694973
h, 2754,979.37479496
a, 2755,979.699507952
i, 2756,979.917445898
n, 2757,980.223762035
 , 2758,980.494446039
w, 2759,981.257858038
o, 2760,981.539349079
u, 2761,981.776061058
l, 2762,982.044646025
d, 2763,982.334554911
 , 2764,982.679864883
b, 2765,983.383305073
e, 2766,983.654937983
 , 2767,984.002314091
w, 2768,984.388552904
o, 2769,984.660697937
r, 2770,984.841741085
t, 2771,985.209497929
h, 2772,985.471076965
 , 2773,985.85549593
t, 2774,986.518167973
h, 2775,986.790323973
e, 2776,987.028049946
 , 2777,987.186984062
t, 2778,987.649130106
r, 2779,987.938584089
o, 2780,988.268459082
u, 2781,988.527074099
b, 2782,988.811958075
l, 2783,989.027153969
e, 2784,989.249628067
 , 2785,989.62783289
t, 2786,990.291130066
h, 2787,990.523492098
e, 2788,990.809297085
r, 2789,991.124397039
e, 2790,991.387788057
 , 2791,991.614233971
w, 2792,992.101590872
a, 2793,992.405555964
s, 2794,992.672755003
 , 2795,992.97317791
n, 2796,993.547090054
o, 2797,993.830543041
t, 2798,994.1279881
h, 2799,994.341068983
i, 2800,994.591903925
n, 2801,994.838145018
g, 2802,995.174767017
 , 2803,995.398452044
s, 2804,995.96735096
o, 2805,996.162905931
 , 2806,996.590229034
v, 2807,997.100447893
e, 2808,997.366544962
r, 2809,997.613529921
y, 2810,997.927021027
 , 2811,998.262846947
r, 2812,998.950413942
e, 2813,999.05170393
m, 2814,999.485447884
a, 2815,999.763444901
r, 2816,1000.04681396
k, 2817,1000.37474704
a, 2818,1000.61402488
b, 2819,1000.9267261
l, 2820,1001.11915994
e, 2821,1001.39827108
 , 2822,1001.74707294
a, 2823,1002.31426692
b, 2824,1002.64996099
o, 2825,1002.99232697
u, 2826,1003.14251208
t, 2827,1003.44888592
 , 2828,1003.64731503
t, 2829,1003.85014296
h, 2830,1004.15809703
a, 2831,1004.44502997
t, 2832,1004.75725198
 , 2833,1004.97177601
i, 2834,1005.61345887
n, 2835,1006.39052296
 , 2836,1006.63463998
i, 2837,1007.14755201
t, 2838,1007.39423394
 , 2839,1007.55693388
n, 2840,1008.16385007
o, 2841,1008.43711996
r, 2842,1008.72546101
 , 2843,1008.99941301
d, 2844,1009.36637497
i, 2845,1009.54502392
d, 2846,1009.74343991
 , 2847,1009.983495
a, 2848,1010.35436702
l, 2849,1010.6339519
i, 2850,1010.91484404
c, 2851,1011.23026896
e, 2852,1011.51871109
 , 2853,1011.6875701
t, 2854,1012.23102903
h, 2855,1012.4001081
i, 2856,1012.64828205
n, 2857,1012.92651701
k, 2858,1013.2493701
 , 2859,1013.51571107
i, 2860,1014.13051391
t, 2861,1014.44128704
 , 2862,1014.68670011
s, 2863,1015.29392791
o, 2864,1015.64401102
 , 2865,1015.86046505
v, 2866,1016.31496787
e, 2867,1016.6851511
r, 2868,1016.90644193
y, 2869,1017.28624105
 , 2870,1017.48538089
m, 2871,1018.04152608
u, 2872,1018.35636997
c, 2873,1018.63596106
h, 2874,1018.84261894
 , 2875,1019.23771691
o, 2876,1019.82645392
u, 2877,1020.09683299
t, 2878,1020.377841
 , 2879,1020.78904295
none, -1,1021.34994102
o, 2880,1021.36085892
f, 2881,1021.62306809
 , 2882,1021.95724797
t, 2883,1022.65667391
h, 2884,1022.99240994
e, 2885,1023.2827549
 , 2886,1023.5261929
w, 2887,1024.05867505
a, 2888,1024.33958292
y, 2889,1024.78670001
 , 2890,1024.98877406
t, 2891,1025.77818799
o, 2892,1026.03641796
 , 2893,1026.26649404
h, 2894,1026.71599102
e, 2895,1026.93445897
a, 2896,1027.20464897
r, 2897,1027.50763297
 , 2898,1027.70627594
t, 2899,1028.29686499
h, 2900,1028.62193298
e, 2901,1028.92117596
 , 2902,1029.24366188
r, 2903,1029.85030007
a, 2904,1030.10327411
b, 2905,1030.4446969
b, 2906,1030.66016507
i, 2907,1031.05903387
t, 2908,1031.30589509
 , 2909,1031.85992098
s, 2910,1032.36066604
a, 2911,1032.59814787
y, 2912,1032.94945502
 , 2913,1033.24087095
t, 2914,1033.92587996
o, 2915,1034.18885207
 , 2916,1034.450387
i, 2917,1035.04579401
t, 2918,1035.20324588
s, 2919,1035.50643206
e, 2920,1035.76233006
l, 2921,1036.05472302
f, 2922,1036.27399302
 , 2923,1036.480371
o, 2924,1037.15458608
h, 2925,1037.47084999
 , 2926,1037.77903104
d, 2927,1038.25628495
e, 2928,1038.52449894
a, 2929,1038.78512502
r, 2930,1039.0523591
 , 2931,1039.2588439
o, 2932,1039.70509195
h, 2933,1040.10265899
 , 2934,1040.381006
d, 2935,1040.95253801
e, 2936,1041.23645091
a, 2937,1041.48215199
r, 2938,1041.79564595
 , 2939,1042.07559109
i, 2940,1042.92873502
 , 2941,1043.15627909
s, 2942,1043.65306997
h, 2943,1043.83900499
a, 2944,1044.00358701
l, 2945,1044.26849008
l, 2946,1045.02843308
 , 2947,1045.20570898
b, 2948,1045.57277894
e, 2949,1045.86206698
 , 2950,1046.11655903
t, 2951,1046.60479689
o, 2952,1046.94975996
o, 2953,1047.13460207
 , 2954,1047.379884
l, 2955,1047.71887302
a, 2956,1048.01309991
t, 2957,1048.35499001
e, 2958,1048.6076839
 , 2959,1048.89871597
w, 2960,1049.36152411
h, 2961,1049.68584108
e, 2962,1049.89962387
n, 2963,1050.10271597
 , 2964,1050.41358495
s, 2965,1050.70730209
h, 2966,1051.1344409
e, 2967,1051.3472321
 , 2968,1051.5292449
t, 2969,1052.05599093
h, 2970,1052.27514601
o, 2971,1052.54831791
u, 2972,1052.87373996
g, 2973,1053.15597892
h, 2974,1053.40470004
t, 2975,1053.66301703
 , 2976,1053.89085007
i, 2977,1054.38666105
t, 2978,1054.5210731
 , 2979,1054.87513089
o, 2980,1055.3383069
v, 2981,1055.55751395
e, 2982,1055.8489089
r, 2983,1056.10624194
 , 2984,1056.44701791
a, 2985,1056.99496102
f, 2986,1057.24325299
t, 2987,1057.50436807
e, 2988,1057.76561809
r, 2989,1057.97921205
w, 2990,1058.21167302
a, 2991,1058.487293
r, 2992,1058.77105689
d, 2993,1059.20474696
s, 2994,1059.42497206
 , 2995,1059.83381701
s, 2996,1060.46561408
h, 2997,1060.8555789
e, 2998,1061.06509495
 , 2999,1061.27916098
r, 3000,1061.9184711
e, 3001,1062.02889204
a, 3002,1062.51042295
l, 3003,1062.87649107
i, 3004,1063.15224099
z, 3005,1063.31087089
e, 3006,1063.61607695
d, 3007,1063.79829597
 , 3008,1064.20530105
t, 3009,1064.8668499
h, 3010,1065.08717203
a, 3011,1065.35416293
t, 3012,1065.61489391
 , 3013,1065.80388403
s, 3014,1066.3193059
h, 3015,1066.49931192
e, 3016,1066.80465508
 , 3017,1066.99972296
o, 3018,1067.50198102
u, 3019,1067.73206997
g, 3020,1068.00696993
h, 3021,1068.155339
t, 3022,1068.50603008
 , 3023,1068.79186893
t, 3024,1069.396348
o, 3025,1069.69116998
 , 3026,1069.91568804
h, 3027,1070.52685905
a, 3028,1070.71471906
v, 3029,1071.00761509
e, 3030,1071.22586989
 , 3031,1071.40776992
w, 3032,1071.90142202
o, 3033,1072.138134
n, 3034,1072.4184041
d, 3035,1072.65687609
e, 3036,1072.96717
r, 3037,1073.25938296
e, 3038,1073.55194187
d, 3039,1073.78241491
 , 3040,1074.0393219
a, 3041,1074.60491109
t, 3042,1075.22647405
 , 3043,1075.46847701
t, 3044,1075.993819
h, 3045,1076.33554506
i, 3046,1076.55466795
s, 3047,1076.84151196
 , 3048,1077.14375401
z, 3049,1077.52259803
e, 3050,1077.90539908
b, 3051,1078.23929906
r, 3052,1078.54804397
a, 3053,1078.76000905
 , 3054,1079.03937793
x, 3055,1079.67230296
y, 3056,1080.03850198
l, 3057,1080.23254204
o, 3058,1080.55149102
p, 3059,1080.72214508
h, 3060,1081.09016991
o, 3061,1081.31043506
n, 3062,1081.60588288
e, 3063,1081.87288499
 , 3064,1082.19033003
b, 3065,1082.78268409
u, 3066,1083.05851793
t, 3067,1083.28493404
 , 3068,1083.50019002
f, 3069,1084.14057589
o, 3070,1084.38790798
r, 3071,1084.5483911
 , 3072,1084.7580471
i, 3073,1084.98159099
t, 3074,1085.49468207
 , 3075,1085.79277992
f, 3076,1086.24207091
l, 3077,1086.62397695
a, 3078,1086.87216902
s, 3079,1087.15911198
h, 3080,1087.47019196
e, 3081,1087.7188139
d, 3082,1087.92587209
 , 3083,1088.2793479
a, 3084,1088.85614109
c, 3085,1089.09331298
r, 3086,1089.406703
o, 3087,1089.74480104
s, 3088,1089.93480206
s, 3089,1090.16738296
 , 3090,1090.47077894
none, -1,1090.97558498
h, 3091,1090.98616409
e, 3092,1091.19288206
r, 3093,1091.45703292
 , 3094,1091.63932991
m, 3095,1091.99030709
i, 3096,1092.32031202
n, 3097,1092.56726098
d, 3098,1092.82781005
 , 3099,1093.14564991
t, 3100,1093.66516304
h, 3101,1093.86424804
a, 3102,1094.12891793
t, 3103,1094.39033008
 , 3104,1094.5775249
s, 3105,1095.07431507
h, 3106,1095.247298
e, 3107,1095.54434299
 , 3108,1095.78683305
h, 3109,1096.42403793
a, 3110,1096.58156991
d, 3111,1096.85181689
 , 3112,1097.04163694
n, 3113,1097.40126991
e, 3114,1097.56646609
v, 3115,1097.86275792
e, 3116,1098.13871002
r, 3117,1098.20722008
 , 3118,1098.65154505
s, 3119,1099.14914608
e, 3120,1099.39377809
e, 3121,1099.60186601
n, 3122,1099.91501188
 , 3123,1100.22717404
a, 3124,1100.43772697
 , 3125,1101.08977389
r, 3126,1101.45954299
a, 3127,1101.69247794
b, 3128,1102.06024194
b, 3129,1102.27881503
i, 3130,1102.59471703
t, 3131,1102.78583193
 , 3132,1103.12960291
w, 3133,1103.65543604
i, 3134,1103.83973789
t, 3135,1104.02482796
h, 3136,1104.20919609
 , 3137,1104.58289599
e, 3138,1105.01248693
i, 3139,1105.33557391
t, 3140,1105.52041602
h, 3141,1106.04438901
e, 3142,1106.29635501
r, 3143,1106.57986093
 , 3144,1106.80843401
a, 3145,1107.34314704
 , 3146,1107.50741005
p, 3147,1107.84983206
o, 3148,1108.18052793
c, 3149,1108.346771
k, 3150,1108.50302887
e, 3151,1108.7296989
t, 3152,1109.01632595
 , 3153,1109.22957897
o, 3154,1109.88248992
r, 3155,1110.13199306
 , 3156,1110.45543289
a, 3157,1111.32716894
 , 3158,1111.68074894
w, 3159,1112.16936898
a, 3160,1112.3873539
t, 3161,1112.68217206
c, 3162,1112.96746898
h, 3163,1113.32184696
 , 3164,1113.63551688
t, 3165,1114.26859593
o, 3166,1114.514503
 , 3167,1114.73289704
t, 3168,1115.14793301
a, 3169,1115.38376307
k, 3170,1115.61175299
e, 3171,1115.79708409
 , 3172,1116.18773699
o, 3173,1116.62453699
u, 3174,1116.93541598
t, 3175,1117.14353991
 , 3176,1117.37352204
o, 3177,1117.6366241
f, 3178,1117.85462999
 , 3179,1118.2142911
i, 3180,1118.72682595
t, 3181,1118.92189193
 , 3182,1119.1548779
a, 3183,1119.74238706
n, 3184,1119.89994097
d, 3185,1120.16021991
 , 3186,1120.39726901
b, 3187,1120.93102789
u, 3188,1121.0996089
n, 3189,1121.46228004
i, 3190,1121.81197596
n, 3191,1122.06297207
g, 3192,1122.29832506
 , 3193,1122.52777791
w, 3194,1123.12807894
i, 3195,1123.3066721
t, 3196,1123.602139
h, 3197,1123.80705094
 , 3198,1124.06626296
c, 3199,1124.49154806
u, 3200,1124.71052694
r, 3201,1124.97175598
i, 3202,1125.1886611
o, 3203,1125.4413631
s, 3204,1125.6397419
i, 3205,1125.86104608
t, 3206,1126.13515806
y, 3207,1126.4241569
 , 3208,1126.68838406
s, 3209,1127.38300991
h, 3210,1127.72821999
e, 3211,1127.93781495
 , 3212,1128.25536299
r, 3213,1128.9332211
a, 3214,1129.20908689
n, 3215,1129.51175809
 , 3216,1129.776793
a, 3217,1130.41239095
c, 3218,1130.65762496
r, 3219,1130.90088511
o, 3220,1131.27870798
s, 3221,1131.4622221
none, -1,1131.69880009
s, 3222,1131.71216488
 , 3223,1131.97203493
t, 3224,1132.52818704
h, 3225,1132.80054688
e, 3226,1132.94489908
 , 3227,1133.28717709
f, 3228,1133.878474
i, 3229,1134.07230592
e, 3230,1134.39661789
l, 3231,1134.69649196
d, 3232,1134.87115598
 , 3233,1135.07986999
a, 3234,1135.64716101
f, 3235,1135.90196991
t, 3236,1136.17516708
e, 3237,1136.47178507
r, 3238,1136.70275688
 , 3239,1137.07307291
i, 3240,1137.68306708
t, 3241,1137.9856801
 , 3242,1138.29916906
a, 3243,1139.15584993
n, 3244,1139.36379004
d, 3245,1139.68441606
 , 3246,1139.9626739
s, 3247,1140.66276503
h, 3248,1140.97643399
e, 3249,1141.28254509
 , 3250,1141.46842599
w, 3251,1142.800143
a, 3252,1142.99285603
n, 3253,1143.27909899
t, 3254,1143.51496005
e, 3255,1143.78810406
d, 3256,1144.01128507
 , 3257,1144.28168607
t, 3258,1144.80363107
o, 3259,1144.96904802
 , 3260,1145.37994409
t, 3261,1145.80896807
h, 3262,1145.96582508
i, 3263,1146.24284005
n, 3264,1146.49563408
k, 3265,1146.85459495
 , 3266,1147.34651208
a, 3267,1147.83236289
b, 3268,1148.12909698
o, 3269,1148.38909698
u, 3270,1148.63226104
t, 3271,1148.85063791
 , 3272,1149.08508492
i, 3273,1149.98717999
t, 3274,1150.23236203
 , 3275,1150.53465891
b, 3276,1150.91379094
e, 3277,1151.14201498
f, 3278,1151.44098592
o, 3279,1151.65696001
r, 3280,1151.87070298
e, 3281,1151.95050192
 , 3282,1152.39802289
s, 3283,1152.98324394
t, 3284,1153.29216003
p, 3285,1153.53653908
p, 3286,1154.28982997
i, 3287,1154.63157797
n, 3288,1154.88307309
g, 3289,1155.10290504
 , 3290,1155.3146081
h, 3291,1155.83596587
e, 3292,1156.02388191
r, 3293,1156.24738193
s, 3294,1156.520437
e, 3295,1156.85767007
l, 3296,1157.12398601
f, 3297,1157.32992005
 , 3298,1157.60963798
a, 3299,1158.34189391
n, 3300,1158.65467191
d, 3301,1159.05290294
 , 3302,1159.23803496
f, 3303,1159.62362599
a, 3304,1159.87273407
l, 3305,1160.34300208
i, 3306,1160.73027802
n, 3307,1160.96185899
g, 3308,1161.3183341
 , 3309,1161.57056904
d, 3310,1162.19436502
o, 3311,1162.32887602
w, 3312,1162.64126492
n, 3313,1162.79344106
 , 3314,1163.05293298
w, 3315,1163.6529181
h, 3316,1163.96436906
a, 3317,1164.20589995
t, 3318,1164.47681594
 , 3319,1164.64696908
s, 3320,1165.10114193
e, 3321,1165.3699069
e, 3322,1165.96321392
m, 3323,1166.13881588
e, 3324,1166.18056798
d, 3325,1166.42638993
 , 3326,1166.63797092
t, 3327,1167.46592808
o, 3328,1167.76228905
 , 3329,1168.06237698
b, 3330,1168.44433689
e, 3331,1168.71590209
 , 3332,1168.95971394
a, 3333,1169.09923291
 , 3334,1169.73211193
v, 3335,1170.13917804
e, 3336,1170.36715698
r, 3337,1170.58918095
y, 3338,1170.92927599
 , 3339,1171.12167192
d, 3340,1171.38866091
e, 3341,1171.79825592
e, 3342,1171.98213196
p, 3343,1172.27996397
 , 3344,1172.58802605
w, 3345,1173.07186294
e, 3346,1173.31969905
l, 3347,1173.67772293
l, 3348,1173.90025687
 , 3349,1174.27841687
i, 3350,1174.82656598
n, 3351,1175.15050292
 , 3352,1175.38170099
a, 3353,1175.88859797
n, 3354,1176.1004591
o, 3355,1176.39327788
t, 3356,1176.6923511
h, 3357,1176.90387201
e, 3358,1177.16772008
r, 3359,1177.39514589
 , 3360,1177.65826893
m, 3361,1178.10993195
o, 3362,1178.35445309
m, 3363,1178.57296205
e, 3364,1178.78123307
n, 3365,1179.09430289
t, 3366,1179.27863193
 , 3367,1179.50737405
a, 3368,1180.13922191
l, 3369,1180.35682797
i, 3370,1180.66982794
c, 3371,1180.99562597
e, 3372,1181.28751993
 , 3373,1181.47454
w, 3374,1181.94521594
e, 3375,1182.28843188
n, 3376,1182.48535991
t, 3377,1182.76146197
 , 3378,1183.10207796
d, 3379,1183.59554791
o, 3380,1183.76835203
w, 3381,1183.98157096
n, 3382,1184.24688196
 , 3383,1184.60883999
a, 3384,1185.12887502
f, 3385,1185.37462902
t, 3386,1185.61103892
e, 3387,1185.97312593
r, 3388,1186.17916608
 , 3389,1186.50060892
i, 3390,1187.04618788
t, 3391,1187.31008291
 , 3392,1187.51121187
n, 3393,1188.20323205
e, 3394,1188.50265598
v, 3395,1188.78633809
e, 3396,1189.15630198
r, 3397,1189.40240788
 , 3398,1189.66691399
c, 3399,1190.26977706
o, 3400,1190.53569603
n, 3401,1190.78545094
s, 3402,1191.07734299
i, 3403,1191.29671407
d, 3404,1191.4617269
e, 3405,1191.8196311
r, 3406,1192.04253888
i, 3407,1192.30634999
n, 3408,1192.56590104
g, 3409,1192.80299306
 , 3410,1192.98859501
h, 3411,1193.57449794
o, 3412,1193.86364603
w, 3413,1194.14055991
 , 3414,1194.33555889
i, 3415,1194.86876202
n, 3416,1195.15793991
 , 3417,1195.45321703
t, 3418,1195.9359591
h, 3419,1196.20735788
e, 3420,1196.39282107
 , 3421,1196.66266704
w, 3422,1197.179847
o, 3423,1197.40504909
r, 3424,1197.60540104
l, 3425,1197.84135199
d, 3426,1198.0627501
 , 3427,1198.31862998
s, 3428,1198.91595006
h, 3429,1199.11623192
e, 3430,1199.3891921
 , 3431,1199.6732111
w, 3432,1200.24154305
a, 3433,1200.49812698
s, 3434,1200.69288492
 , 3435,1200.93399096
t, 3436,1201.40819407
o, 3437,1201.64850092
 , 3438,1201.88570094
g, 3439,1202.2341249
 , 3440,1202.67554998
e, 3441,1203.24811888
t, 3442,1203.5008781
 , 3443,1203.70384002
o, 3444,1204.07540798
u, 3445,1204.1416471
t, 3446,1204.40844607
 , 3447,1204.6915431
a, 3448,1205.14246106
g, 3449,1205.41965389
a, 3450,1205.67388511
i, 3451,1206.03204799
n, 3452,1206.35701704
