,letter, ind, time
0,a,0,1.87210884354
1,l,1,2.23776092789
2,i,2,2.59289684555
3,c,3,2.87741890213
4,e,4,3.11067977211
5, ,5,3.4400109317
6,w,6,4.22243299744
7,a,7,4.43682279846
8,s,8,4.71662988922
9, ,9,5.01494493744
10,b,10,5.76157799027
11,e,11,6.00693478844
12,g,12,6.27469196579
13,i,13,6.54036894104
14,n,14,6.8403758075
15,n,15,7.13624182007
16,i,16,7.46725883743
17,n,17,7.77392998001
18,g,18,8.00533190033
19, ,19,8.32062378189
20,t,20,9.17083683273
21,o,21,9.44147982857
22, ,22,9.75369682571
23,g,23,10.3616129424
24,e,24,10.6257289912
25,t,25,10.9394749667
26, ,26,11.291210797
27,v,27,12.0552507904
28,e,28,12.4030238655
29,r,29,12.5818358925
30,y,30,12.7080339458
31, ,31,12.9832078483
32,t,32,13.2240199115
33,i,33,13.6748448875
34,r,34,13.9842697647
35,e,35,14.193204787
36,d,36,14.3934628036
37, ,37,14.6534248855
38,o,38,15.3566879299
39,f,39,15.4904197719
40, ,40,15.8889459636
41,s,41,16.4323159721
42,i,42,16.6504339244
43,t,43,16.9292317894
44,t,44,17.1694079902
45,i,45,17.4064389732
46,n,46,17.7037929561
47,g,47,17.9491237667
48, ,48,18.2204138305
49,b,49,18.9069558647
50,y,50,19.2006129291
51, ,51,19.4415418174
52,h,52,20.2111748722
53,e,53,20.3502599266
54,r,54,20.6658109691
55, ,55,20.9212459591
56,s,56,21.8083848026
57,i,57,22.099836972
58,s,58,22.2755857971
59,t,59,22.5710979965
60,e,60,22.7857507732
61,r,61,22.8568607834
62, ,62,23.2854048278
63,o,63,23.9871257808
64,n,64,24.30782285
65, ,65,24.5517617729
66,t,66,25.2433837917
67,h,67,25.4883069065
68,e,68,25.7528718975
69, ,69,25.9491719272
70,b,70,26.6259168651
71,a,71,26.8978919056
72,n,72,27.1554898288
73,k,73,27.4429978397
74, ,74,27.7878278759
75,a,75,28.4323848751
76,n,76,28.6712619331
77,d,77,28.9344789055
78, ,78,29.1388958957
79,o,79,29.7548669841
80,f,80,30.0772928264
81, ,81,30.2439369228
82,h,82,30.8894468811
83,none,-1,31.174027827
84,a,83,31.1865119007
85,v,84,31.4660228756
86,i,85,31.7244349983
87,n,86,31.9819327858
88,g,87,32.249161866
89, ,88,32.5346578624
90,n,89,33.2813848522
91,o,90,33.5127219226
92,t,91,33.8202029731
93,h,92,34.0065919426
94,i,93,34.2566048172
95,n,94,34.4734429386
96,g,95,34.7228988674
97, ,96,35.0481668975
98,t,97,35.7956029441
99,o,98,36.0762778785
100, ,99,36.3165837791
101,d,100,36.8918038871
102,o,101,37.1235419777
103, ,102,37.4075969722
104,o,103,38.111404803
105,n,104,38.437696841
106,c,105,38.7574109104
107,e,106,39.0230318573
108, ,107,39.2916068103
109,o,108,40.1030138996
110,r,109,40.4162668254
111, ,110,40.770282891
112,t,111,41.4402419593
113,w,112,41.6686789062
114,i,113,41.9657868412
115,c,114,42.2575918701
116,e,115,42.5026959446
117, ,116,42.8650099304
118,s,117,43.6184069183
119,h,118,43.9412428405
120,e,119,44.1765967872
121, ,120,44.545762923
122,h,121,45.1773938205
123,a,122,45.3251568344
124,d,123,45.7069579628
125, ,124,46.0239237812
126,p,125,46.8699168232
127,e,126,47.1192249324
128,e,127,47.4162217643
129,p,128,47.7024699714
130,e,129,47.9707719352
131,d,130,48.2194317844
132, ,131,48.5457197693
133,i,132,49.3352409866
134,n,133,49.641521838
135,t,134,49.9430798557
136,o,135,50.2099658516
137, ,136,50.6282168892
138,t,137,51.3535799053
139,h,138,51.6920918491
140,e,139,51.9456638363
141, ,140,52.2293578651
142,b,141,52.8855339553
143,o,142,53.1348649528
144,o,143,53.4622479942
145,k,144,53.8418168094
146, ,145,54.1109248664
147,none,-1,54.9275738266
148,h,146,54.9393838909
149,e,147,55.1762739685
150,r,148,55.4660679367
151, ,149,55.737972882
152,s,150,56.4929279354
153,i,151,56.7426017788
154,s,152,57.0114919212
155,t,153,57.3376587894
156,e,154,57.661017802
157,r,155,57.9144507911
158, ,156,58.2262958553
159,w,157,58.8297559288
160,a,158,59.1418508556
161,s,159,59.4127148655
162, ,160,59.7465948131
163,r,161,60.5612918403
164,e,162,60.8646968868
165,a,163,61.1301278141
166,d,164,61.4250217941
167,i,165,61.7009429004
168,n,166,62.0412799385
169,g,167,62.3514019516
170, ,168,62.6642588642
171,b,169,63.6260029342
172,u,170,63.8803838756
173,t,171,64.1795307663
174, ,172,64.511083987
175,i,173,65.2209188011
176,t,174,65.544456866
177, ,175,65.7990438011
178,h,176,66.6235488918
179,a,177,66.8975678947
180,d,178,67.1677388218
181, ,179,67.4755519893
182,n,180,68.1057509449
183,o,181,68.3924938705
184, ,182,68.7040289905
185,p,183,69.422399905
186,i,184,69.7548698452
187,c,185,69.9825479057
188,t,186,70.3383559253
189,u,187,70.6054989364
190,r,188,70.8149348762
191,e,189,71.1958419349
192,s,190,71.4314118888
193, ,191,71.7894939449
194,o,192,72.503291991
195,r,193,73.1200229194
196, ,194,73.2963727977
197,c,195,73.6561759975
198,o,196,73.8549169567
199,none,-1,74.1960569885
200,n,197,74.2083498504
201,v,198,74.3821689155
202,e,199,74.7426549461
203,r,200,74.9791609314
204,s,201,75.2465888527
205,a,202,75.5253099468
206,t,203,75.8149317768
207,i,204,76.0289718177
208,o,205,76.2706898716
209,n,206,76.5903748539
210,s,207,76.8825208213
211, ,208,77.1047379043
212,i,209,77.753348973
213,n,210,78.1605278518
214, ,211,78.466539767
215,i,212,79.1186739471
216,t,213,79.4447778728
217,none,-1,79.796134856
218, ,214,79.8083328273
219,a,215,80.505745795
220,n,216,80.8948549297
221,d,217,81.1795848873
222, ,218,81.5117448833
223,w,219,82.127685931
224,h,220,82.4308759239
225,a,221,82.6084338691
226,t,222,83.0076819923
227, ,223,83.2474547889
228,i,224,83.8480857875
229,s,225,84.0710798767
230, ,226,84.4414309528
231,t,227,85.1442939308
232,h,228,85.4262868431
233,e,229,85.6786557701
234, ,230,86.0163489845
235,u,231,86.7031067875
236,s,232,87.524329808
237,e,233,87.8285807636
238, ,234,88.1659199264
239,o,235,88.4157477882
240,f,236,88.8369769123
241, ,237,89.2190619972
242,a,238,89.4788269069
243, ,239,90.0301319625
244,b,240,90.5974689987
245,o,241,90.8891469505
246,o,242,91.0825909641
247,k,243,91.4000247982
248, ,244,91.8002487686
249,w,245,93.0026628044
250,i,246,93.2086478737
251,t,247,93.615060952
252,h,248,93.9003948238
253,o,249,94.2611009147
254,u,250,94.5464087989
255,t,251,94.8335529831
256, ,252,95.0855599907
257,p,253,95.6635588672
258,i,254,96.0025509861
259,c,255,96.2256499794
260,t,256,96.5969099071
261,u,257,96.8176058796
262,r,258,97.0570868518
263,e,259,97.4504629638
264,s,260,97.716646817
265, ,261,98.0568939712
266,o,262,98.601763871
267,r,263,98.9356187847
268, ,264,99.1888789203
269,c,265,99.7135728862
270,o,266,99.984543946
271,n,267,100.297171977
272,v,268,100.503104832
273,e,269,100.840137866
274,r,270,101.080703881
275,s,271,101.380660918
276,a,272,101.650061991
277,t,273,101.971382764
278,i,274,102.20583978
279,o,275,102.480298903
280,n,276,102.826658871
281,s,277,103.103249934
282, ,278,103.465713885
283,s,279,104.243624833
284,o,280,104.600151923
285, ,281,104.91205683
286,s,282,105.431000855
287,h,283,105.781761792
288,e,284,106.119738963
289, ,285,106.416806843
290,w,286,106.937672999
291,a,287,107.226128962
292,s,288,107.530857947
293, ,289,107.801485922
294,c,290,108.51494899
295,o,291,108.782805827
296,n,292,109.108760979
297,s,293,109.329580929
298,i,294,109.675540831
299,d,295,109.933459904
300,e,296,110.33433595
301,r,297,110.662998822
302,i,298,110.982109931
303,n,299,111.243399766
304,g,300,111.564811852
305, ,301,111.78340688
306,i,302,112.492486861
307,n,303,112.798732903
308, ,304,113.119683888
309,h,305,113.765175965
310,e,306,114.041366961
311,r,307,114.329540875
312, ,308,114.581892874
313,o,309,115.063820985
314,w,310,115.365115788
315,n,311,115.635197785
316, ,312,115.94507685
317,m,313,116.411422875
318,i,314,116.715556767
319,n,315,117.058901932
320,d,316,117.403024819
321, ,317,117.612348941
322,a,318,118.189930823
323,s,319,118.500198987
324, ,320,118.811969903
325,w,321,119.341211941
326,e,322,119.572112944
327,l,323,119.931246903
328,l,324,120.225052979
329, ,325,120.512352851
330,a,326,121.10320678
331,s,327,121.400689986
332, ,328,121.758329775
333,s,329,122.350155976
334,h,330,122.661970999
335,e,331,122.91899791
336, ,332,123.246914771
337,c,333,123.881971982
338,o,334,124.167271998
339,u,335,124.412605908
340,l,336,124.739152815
341,d,337,125.014921811
342, ,338,125.250072863
343,f,339,126.260681775
344,o,340,126.516782906
345,r,341,126.66699281
346, ,342,127.109876778
347,t,343,127.722110894
348,h,344,128.053497937
349,e,345,128.320837882
350, ,346,128.598245766
351,d,347,129.043643859
352,a,348,129.300365832
353,y,349,129.709387925
354, ,350,129.911999848
355,m,351,130.44608393
356,a,352,130.640731957
357,d,353,130.937180903
358,e,354,131.181100991
359, ,355,131.541673806
360,h,356,132.26283994
361,e,357,132.525219824
362,r,358,132.786832955
363, ,359,133.205224898
364,f,360,133.769647982
365,e,361,134.117014792
366,e,362,134.293130782
367,l,363,134.432535794
368, ,364,134.708419945
369,v,365,135.204864886
370,e,366,135.451054957
371,r,367,135.715766814
372,y,368,136.020376828
373, ,369,136.184003976
374,s,370,136.732571986
375,l,371,136.903219845
376,e,372,137.16476598
377,e,373,137.371007826
378,p,374,137.616578963
379,y,375,137.854175952
380, ,376,138.225722935
381,a,377,138.794826892
382,n,378,139.097396996
383,d,379,139.33185592
384, ,380,139.606947806
385,s,381,140.00551286
386,t,382,140.341226962
387,u,383,140.488385823
388,p,384,140.837242987
389,i,385,141.052843955
390,d,386,141.34245291
391, ,387,141.578942921
392,w,388,142.2289938
393,h,389,142.524058964
394,e,390,142.710757878
395,t,391,143.012245801
396,h,392,143.251836922
397,e,393,143.482140925
398,r,394,143.801728871
399, ,395,143.995979932
400,t,396,144.638656762
401,h,397,144.854152825
402,e,398,145.164239791
403, ,399,145.336024907
404,p,400,145.946104911
405,l,401,146.269505885
406,e,402,146.584203866
407,a,403,146.823539879
408,s,404,147.218430903
409,u,405,147.709089902
410,r,406,148.008311894
411,e,407,148.249121812
412, ,408,148.565052893
413,o,409,149.283680823
414,f,410,149.503985789
415, ,411,149.856122878
416,m,412,150.403031972
417,a,413,150.623274949
418,k,414,150.909392979
419,i,415,151.215668824
420,n,416,151.567630913
421,g,417,151.772700932
422, ,418,152.123354819
423,a,419,152.343035844
424, ,420,153.067852881
425,d,421,153.50966182
426,a,422,153.799875882
427,i,423,154.080443766
428,s,424,154.315511849
429,y,425,154.708430913
430, ,426,155.106102851
431,c,427,155.827087786
432,h,428,156.148032811
433,a,429,156.365964797
434,i,430,156.659375813
435, ,431,157.10299578
436,w,432,158.144040969
437,o,433,158.513942864
438,u,434,158.800618794
439,l,435,159.084242966
440,d,436,159.350929883
441, ,437,159.699471858
442,b,438,160.220953849
443,e,439,160.524876979
444, ,440,160.841836836
445,w,441,161.506640818
446,o,442,161.727329877
447,r,443,162.015391972
448,t,444,162.270967868
449,h,445,162.554167893
450, ,446,162.871829894
451,t,447,163.605308917
452,h,448,163.870795872
453,e,449,164.150715974
454, ,450,164.346590903
455,t,451,165.085549977
456,r,452,165.295875933
457,o,453,165.685965922
458,u,454,165.91384187
459,b,455,166.171080973
460,l,456,166.3472878
461,e,457,166.618776944
462, ,458,166.853441861
463,o,459,167.62823477
464,f,460,167.925233987
465, ,461,168.262416985
466,g,462,168.772166875
467,e,463,169.027230885
468,t,464,169.333801892
469,t,465,169.626578953
470,i,466,169.97217479
471,n,467,170.26008692
472,g,468,170.4997839
473, ,469,170.903144982
474,u,470,171.605643895
475,p,471,171.882922795
476, ,472,172.186755803
477,a,473,172.806047824
478,n,474,173.063827899
479,d,475,173.373441842
480, ,476,173.607392934
481,p,477,174.226772931
482,i,478,174.475992825
483,c,479,174.746974852
484,k,480,175.01095691
485,i,481,175.389749911
486,n,482,175.703643944
487,g,483,176.002612975
488, ,484,176.230210927
489,t,485,177.042940762
490,h,486,177.394852784
491,e,487,177.623260882
492, ,488,177.989939835
493,d,489,178.494963792
494,a,490,178.75611296
495,i,491,178.996014979
496,s,492,179.223707822
497,i,493,179.456169989
498,e,494,179.746256974
499,s,495,180.075077918
500, ,496,180.356877949
501,w,497,180.984172967
502,h,498,181.354349997
503,e,499,181.611428883
504,n,500,181.873144772
505, ,501,182.171602872
506,s,502,182.661166814
507,u,503,182.986530926
508,d,504,183.278612998
509,e,505,183.587973979
510,n,506,184.168221858
511,l,507,184.511659768
512,y,508,184.762740996
513, ,509,185.140955832
514,a,510,185.649717953
515, ,511,185.933467772
516,w,512,186.340341952
517,h,513,186.647994902
518,i,514,186.870537903
519,t,515,187.149100926
520,e,516,187.373577979
521, ,517,187.746138957
522,r,518,188.481157925
523,a,519,188.699396994
524,b,520,189.000612881
525,b,521,189.242806819
526,i,522,189.539160874
527,t,523,189.745867875
528, ,524,190.041014817
529,w,525,190.667885926
530,i,526,190.98049989
531,t,527,191.374814894
532,h,528,191.677692797
533, ,529,191.978520777
534,p,530,192.540642884
535,i,531,192.79506388
536,n,532,193.124936965
537,k,533,193.376760867
538, ,534,193.691845801
539,e,535,194.163497832
540,y,536,194.417983916
541,e,537,194.830236819
542,s,538,195.177829888
543, ,539,195.353484776
544,r,540,195.84145489
545,a,541,196.145935919
546,n,542,196.443490889
547, ,543,196.70667186
548,c,544,197.19251385
549,l,545,197.445620921
550,o,546,197.702417996
551,s,547,197.990028765
552,e,548,198.08009496
553, ,549,198.513378766
554,b,550,199.031543877
555,y,551,199.34775677
556, ,552,199.527121928
557,h,553,200.154794839
558,e,554,200.396336939
559,r,555,200.620876935
560, ,556,200.881802943
561,t,557,201.466393855
562,h,558,201.813609984
563,e,559,202.042822983
564,r,560,202.297976878
565,e,561,202.59275594
566, ,562,202.897801783
567,w,563,203.422557976
568,a,564,203.718707945
569,s,565,204.007287886
570, ,566,204.322716859
571,n,567,204.876377967
572,o,568,205.125709918
573,t,569,205.445273783
574,h,570,205.664086964
575,i,571,205.911262896
576,n,572,206.172307875
577,g,573,206.453066971
578, ,574,206.763856795
579,a,575,207.33667579
580,s,576,207.625468877
581, ,577,207.979869988
582,r,578,208.66145983
583,e,579,208.893504765
584,m,580,209.13188782
585,a,581,209.417726901
586,r,582,209.753447917
587,k,583,210.044278767
588,a,584,210.259315875
589,b,585,210.542798903
590,l,586,210.797350791
591,e,587,210.99334183
592, ,588,211.48071399
593,i,589,212.0549809
594,n,590,212.372563985
595, ,591,212.616070893
596,t,592,213.113098767
597,h,593,213.310649779
598,a,594,213.564829972
599,t,595,213.913004782
600, ,596,214.295618918
601,n,597,214.855088856
602,o,598,215.178358939
603,r,599,215.466333773
604, ,600,215.68797889
605,d,601,216.20698395
606,i,602,216.427771952
607,d,603,216.660605815
608, ,604,217.004212763
609,a,605,217.526913788
610,l,606,217.827820923
611,i,607,218.11409488
612,c,608,218.413866904
613,e,609,218.703999903
614, ,610,219.027733948
615,t,611,219.79336777
616,h,612,220.014383938
617,i,613,220.300615933
618,n,614,220.543530848
619,k,615,220.870244887
620, ,616,221.233369973
621,i,617,221.800820973
622,t,618,222.082281974
623, ,619,222.361467984
624,s,620,222.784599927
625,o,621,223.098604825
626, ,622,223.303443816
627,v,623,223.928256896
628,e,624,224.15655699
629,r,625,224.504269984
630,y,626,224.848296788
631, ,627,225.130127814
632,m,628,225.696018841
633,u,629,226.001413968
634,c,630,226.288176921
635,h,631,226.452246812
636, ,632,226.874118951
637,o,633,227.612811949
638,u,634,227.888057854
639,t,635,228.211642888
640, ,636,228.462997821
641,o,637,229.056679871
642,f,638,229.236491826
643, ,639,229.540858891
644,t,640,230.047997859
645,h,641,230.34769788
646,e,642,230.547679808
647, ,643,230.859695819
648,w,644,231.499889996
649,a,645,231.7612659
650,y,646,232.163402941
651, ,647,232.639863875
652,t,648,233.479386952
653,o,649,233.745795872
654, ,650,234.058566954
655,h,651,234.658920911
656,e,652,234.866110947
657,a,653,235.147044804
658,r,654,235.513667967
659, ,655,235.806607869
660,t,656,236.349616912
661,h,657,236.652098801
662,e,658,236.823668864
663, ,659,237.21864691
664,r,660,237.68602195
665,a,661,237.929687884
666,b,662,238.207702782
667,b,663,238.474954989
668,i,664,238.765517857
669,t,665,239.016359952
670, ,666,239.358880904
671,s,667,240.047342923
672,a,668,240.290194895
673,y,669,240.709739831
674, ,670,241.335129883
675,t,671,242.075101998
676,o,672,242.28349581
677, ,673,242.563654807
678,i,674,242.928244975
679,t,675,243.043628838
680,s,676,243.40414491
681,e,677,243.652676966
682,l,678,243.997364905
683,f,679,244.216111806
684, ,680,244.51215997
685,o,681,245.121343997
686,h,682,245.47652283
687, ,683,245.718984988
688,d,684,246.130915787
689,e,685,246.313115981
690,a,686,246.559636977
691,r,687,246.87655678
692, ,688,247.181613829
693,o,689,247.664398816
694,h,690,247.993957904
695, ,691,248.289935973
696,d,692,248.748019841
697,e,693,248.969766762
698,a,694,249.210845854
699,r,695,249.485397961
700, ,696,249.665333893
701,i,697,250.006847766
702, ,698,250.12029877
703,s,699,250.44331589
704,h,700,250.639035847
705,a,701,250.980332997
706,l,702,251.216877844
707,l,703,251.41523495
708, ,704,251.67056289
709,b,705,252.160800841
710,e,706,252.392142918
711, ,707,252.592014935
712,t,708,253.164862778
713,o,709,253.506344941
714,o,710,253.770055916
715, ,711,254.010669854
716,l,712,254.526800778
717,a,713,254.827196982
718,t,714,255.16524997
719,e,715,255.418475773
720, ,716,255.788238909
721,w,717,256.315205958
722,h,718,256.588951972
723,e,719,256.835916903
724,n,720,257.066424992
725, ,721,257.384058859
726,s,722,257.835334923
727,h,723,258.178461936
728,e,724,258.345271971
729, ,725,258.688787844
730,t,726,259.277633813
731,h,727,259.466540959
732,o,728,259.76648679
733,u,729,260.024330762
734,g,730,260.276715901
735,h,731,260.462324765
736,t,732,260.783955958
737, ,733,261.022587922
738,i,734,261.66801491
739,t,735,261.954066899
740, ,736,262.217023995
741,o,737,262.91672292
742,v,738,263.216976788
743,e,739,263.54931679
744,r,740,263.820156958
745, ,741,264.15544286
746,a,742,264.68894687
747,f,743,265.003231909
748,t,744,265.247747805
749,e,745,265.536349919
750,r,746,265.782148984
751,w,747,266.056792882
752,a,748,266.34432998
753,r,749,266.56002393
754,d,750,266.921758797
755,s,751,267.021681931
756, ,752,267.684458878
757,i,753,268.379454997
758,t,754,268.650530961
759, ,755,268.839173939
760,o,756,269.410315898
761,c,757,269.689216998
762,c,758,269.949789908
763,u,759,270.327711966
764,r,760,270.616035845
765,r,761,270.845629838
766,e,762,271.122093823
767,d,763,271.342626956
768, ,764,271.510772851
769,t,765,272.287884858
770,o,766,272.634453919
771, ,767,272.880357888
772,h,768,273.696274903
773,e,769,273.996357825
774,r,770,274.336698916
775, ,771,274.634229806
776,t,772,275.498246815
777,h,773,275.818135884
778,a,774,276.098014977
779,t,775,276.418316987
780, ,776,276.659661915
781,s,777,277.340021994
782,h,778,277.588409808
783,e,779,277.878575947
784, ,780,278.039077904
785,o,781,278.510795977
786,u,782,278.912077811
787,g,783,279.175553944
788,h,784,279.355376866
789,t,785,279.733136799
790, ,786,280.020035889
791,t,787,280.656465914
792,o,788,280.86183491
793, ,789,281.292682793
794,h,790,281.995309975
795,a,791,282.201887992
796,v,792,282.554565814
797,e,793,282.830989983
798, ,794,283.072043803
799,w,795,283.579938796
800,o,796,283.89011183
801,n,797,284.157146838
802,d,798,284.455696967
803,e,799,284.774249938
804,r,800,285.050313857
805,e,801,285.34994879
806,d,802,285.589177992
807, ,803,285.802234795
808,a,804,286.495565798
809,t,805,286.908632901
810, ,806,287.188229945
811,t,807,288.053360846
812,h,808,288.331215766
813,i,809,288.586421874
814,s,810,288.955081847
815, ,811,289.371424821
816,b,812,290.088526871
817,u,813,290.381979849
818,t,814,290.633276847
819, ,815,290.901201871
820,a,816,291.518842843
821,t,817,291.856847909
822, ,818,292.135725882
823,t,819,292.637379792
824,h,820,292.807043936
825,e,821,293.103614953
826, ,822,293.464637902
827,t,823,294.119452861
828,i,824,294.374852803
829,m,825,294.689806845
830,e,826,295.020187762
831, ,827,295.310632851
832,i,828,296.175557997
833,t,829,296.424457934
834, ,830,296.738369849
835,a,831,297.498383906
836,l,832,297.870324996
837,l,833,298.208592799
838, ,834,298.540052798
839,s,835,299.250318911
840,e,836,299.559936907
841,e,837,299.854830887
842,m,838,300.174707797
843,e,839,300.450048831
844,d,840,300.737345841
845, ,841,301.039737847
846,q,842,302.136775878
847,u,843,302.371225979
848,i,844,302.666353848
849,t,845,302.931042817
850,e,846,303.223112967
851, ,847,303.601294902
852,n,848,304.418610957
853,a,849,304.593322899
854,t,850,304.967243817
855,u,851,305.22554579
856,r,852,305.560518887
857,a,853,305.814712908
858,l,854,306.134629872
859, ,855,306.510404971
860,b,856,307.428084996
861,u,857,307.808625844
862,t,858,308.200911906
863, ,859,308.502086785
864,w,860,309.331598904
865,h,861,309.695007947
866,e,862,310.126332905
867,n,863,310.461308863
868, ,864,310.751782801
869,t,865,311.345154908
870,h,866,311.542653945
871,e,867,311.754361775
872, ,868,312.176724818
873,r,869,312.591283944
874,a,870,312.887939837
875,b,871,313.21526995
876,b,872,313.400163796
877,i,873,313.719012883
878,t,874,314.022681859
879, ,875,314.359080937
880,a,876,315.006750968
881,c,877,315.287303832
882,t,878,315.578325894
883,u,879,315.867838767
884,a,880,316.038730767
885,l,881,316.405855801
886,l,882,316.663483765
887,y,883,317.010382798
888, ,884,317.206556943
889,t,885,317.840264943
890,o,886,318.205741789
891,o,887,318.389500764
892,k,888,318.766542819
893, ,889,319.018623974
894,a,890,319.634134915
895, ,891,319.976877835
896,w,892,320.483023789
897,a,893,320.734020856
898,t,894,320.990212824
899,c,895,321.253976967
900,h,896,321.601581957
901, ,897,321.940022853
902,o,898,322.60334697
903,u,899,322.932406809
904,t,900,323.306254771
905, ,901,323.639844802
906,o,902,324.676515963
907,f,903,324.91859093
908, ,904,325.302897837
909,i,905,326.073733952
910,t,906,326.240756896
911,s,907,326.544121888
912, ,908,326.76314893
913,p,909,327.56230798
914,o,910,327.861364987
915,c,911,328.057628777
916,k,912,328.300615933
917,e,913,328.615641978
918,t,914,328.942942765
919, ,915,329.341889765
920,a,916,330.416008856
921,n,917,330.70152798
922,d,918,330.963690903
923, ,919,331.192223933
924,b,920,331.745320943
925,u,921,332.070710805
926,r,922,332.332794812
927,n,923,332.557717946
928,none,-1,332.860228923
929,i,924,332.870888856
930,n,925,333.113559868
931,g,926,333.353354838
932, ,927,333.548989918
933,w,928,334.083967831
934,none,-1,334.309482958
935,i,929,334.320636895
936,t,930,334.61471596
937,h,931,335.030970957
938, ,932,335.249090817
939,c,933,335.71833792
940,u,934,335.910534766
941,r,935,336.191393998
942,i,936,336.763047841
943,o,937,337.07912698
944,s,938,337.325007823
945,i,939,337.559211877
946,t,940,337.839328911
947,y,941,338.172268775
948, ,942,338.4404439
949,s,943,339.171223786
950,h,944,339.503173974
951,e,945,339.663483765
952, ,946,339.941507962
953,r,947,340.553256896
954,a,948,340.831435826
955,n,949,341.143239882
956, ,950,341.443902877
957,a,951,342.09954777
958,c,952,342.34284797
959,r,953,342.677047875
960,o,954,342.993872788
961,s,955,343.210523989
962,s,956,343.442403939
963, ,957,343.726614859
964,t,958,344.285950806
965,h,959,344.532174971
966,e,960,344.759421971
967, ,961,345.064226773
968,f,962,345.530582812
969,i,963,345.748759892
970,e,964,346.026961949
971,l,965,346.365325835
972,d,966,346.554014828
973, ,967,346.88100281
974,a,968,347.349184897
975,f,969,347.700291779
976,t,970,348.029010918
977,e,971,348.363783982
978,r,972,348.660215762
979, ,973,348.942192938
980,i,974,349.708026793
981,t,975,350.031438973
982, ,976,350.349982884
983,a,977,350.969956782
984,n,978,351.287898925
985,d,979,351.601958897
986, ,980,351.870021966
987,w,981,352.457044985
988,a,982,352.776723769
989,s,983,353.128088858
990, ,984,353.500470784
991,j,985,354.12989178
992,u,986,354.524971869
993,s,987,354.778612998
994,t,988,355.127654936
995, ,989,355.458761838
996,a,990,356.090968993
997,b,991,356.444173958
998,o,992,356.826244977
999,u,993,357.092228797
1000,t,994,357.478022959
1001, ,995,357.730835822
1002,t,996,358.349371817
1003,o,997,358.657156851
1004, ,998,359.005869773
1005,s,999,359.98547497
1006,e,1000,360.054358866
1007,e,1001,360.444625762
1008, ,1002,360.772795823
1009,i,1003,361.145429995
1010,t,1004,361.455262807
1011, ,1005,361.649436858
1012,p,1006,362.006037858
1013,o,1007,362.330342915
1014,p,1008,362.445422795
1015, ,1009,362.965372946
1016,d,1010,363.384381917
1017,o,1011,363.566015866
1018,w,1012,364.038492825
1019,n,1013,364.362394955
1020, ,1014,364.591692832
1021,a,1015,365.161765959
1022, ,1016,365.549171832
1023,l,1017,366.049038794
1024,a,1018,366.281800893
1025,r,1019,366.573933985
1026,g,1020,366.841954854
1027,e,1021,367.066823867
1028, ,1022,367.804325965
1029,r,1023,368.339374926
1030,a,1024,368.585833934
1031,b,1025,368.913946774
1032,b,1026,369.08455291
1033,i,1027,369.433433917
1034,t,1028,369.764458802
1035, ,1029,369.99550977
1036,h,1030,370.552834895
1037,o,1031,370.975244906
1038,l,1032,371.229322817
1039,e,1033,371.596642878
1040, ,1034,371.827765849
1041,u,1035,372.451974776
1042,n,1036,372.75019088
1043,d,1037,373.082202819
1044,e,1038,373.44153991
1045,r,1039,373.738623765
1046, ,1040,374.031816867
1047,t,1041,374.610594895
1048,h,1042,375.030268815
1049,e,1043,375.330660966
1050, ,1044,375.618992951
1051,h,1045,376.345932868
1052,e,1046,376.646778968
1053,d,1047,376.882100966
1054,g,1048,377.180601981
1055,e,1049,377.430482772
1056, ,1050,377.95182195
1057,i,1051,378.431731846
1058,n,1052,378.709221985
1059, ,1053,379.050645974
1060,a,1054,379.66691294
1061,n,1055,379.921886828
1062,o,1056,380.212164786
1063,e,1057,380.522820857
1064,t,1058,381.069082883
1065,h,1059,381.558556941
1066,e,1060,381.862739947
1067,r,1061,382.130863812
1068, ,1062,382.473384764
1069,m,1063,383.16710582
1070,o,1064,383.446269896
1071,m,1065,383.68710294
1072,e,1066,383.872754958
1073,n,1067,384.165878918
1074,t,1068,384.464835789
1075, ,1069,384.736774829
1076,w,1070,385.548083928
1077,e,1071,385.77893987
1078,n,1072,386.076452878
1079,t,1073,386.352557805
1080, ,1074,386.652246859
1081,d,1075,387.297735837
1082,o,1076,387.615127947
1083,w,1077,387.802723792
1084, ,1078,388.409808781
1085,a,1079,389.331272986
1086,l,1080,389.645251897
1087,i,1081,389.972542908
1088,c,1082,390.299563792
1089,e,1083,390.631250765
1090, ,1084,390.939221766
1091,a,1085,391.452818778
1092,f,1086,391.720985797
1093,t,1087,392.038433936
1094,e,1088,392.315230992
1095,r,1089,392.569772866
1096, ,1090,392.920744803
1097,i,1091,393.511086848
1098,t,1092,393.765632775
1099, ,1093,394.161015895
1100,n,1094,394.574156907
1101,e,1095,394.781791833
1102,v,1096,395.097044852
1103,e,1097,395.378280785
1104,r,1098,395.469766762
1105, ,1099,396.082778838
1106,c,1100,396.596663859
1107,o,1101,396.876039889
1108,n,1102,397.171496775
1109,s,1103,397.386365798
1110,i,1104,397.712669995
1111,d,1105,398.118837979
1112,e,1106,398.420162823
1113,r,1107,398.675233987
1114,i,1108,399.033992913
1115,n,1109,399.306903985
1116,g,1110,399.624344971
1117, ,1111,399.835189965
1118,h,1112,400.571568873
1119,o,1113,400.862818864
1120,w,1114,401.094773915
1121, ,1115,401.378904965
1122,i,1116,402.034736779
1123,n,1117,402.288355973
1124, ,1118,402.604458954
1125,t,1119,403.014884856
1126,h,1120,403.319939997
1127,e,1121,403.539498952
1128, ,1122,403.738956835
1129,w,1123,404.377418902
1130,o,1124,404.643240836
1131,r,1125,404.982172873
1132,l,1126,405.283028987
1133,d,1127,405.582977917
1134, ,1128,405.799058821
1135,s,1129,406.462290909
1136,h,1130,406.733274844
1137,e,1131,406.979588893
1138, ,1132,407.2404758
1139,w,1133,407.64467397
1140,a,1134,407.933862832
1141,s,1135,408.203613904
1142, ,1136,408.513317969
1143,t,1137,409.160829928
1144,o,1138,409.466987994
1145, ,1139,409.746679928
1146,g,1140,410.055899766
1147,e,1141,410.365097907
1148,t,1142,410.644094851
1149, ,1143,410.915008929
1150,o,1144,411.472188857
1151,u,1145,411.772793915
1152,t,1146,411.993687775
1153, ,1147,412.395663884
1154,a,1148,412.938146975
1155,g,1149,413.192336943
1156,a,1150,413.411963847
1157,i,1151,413.722617772
1158,n,1152,414.056048777
1159, ,1153,414.388373997
1160,t,1154,415.135088828
1161,h,1155,415.50168195
1162,e,1156,415.655384925
1163, ,1157,415.999647763
1164,r,1158,416.390742924
1165,a,1159,416.728621867
1166,b,1160,417.002026942
1167,b,1161,417.167065766
1168,i,1162,417.51155391
1169,t,1163,417.77431598
1170, ,1164,417.996038821
1171,h,1165,418.521821883
1172,o,1166,418.835056927
1173,l,1167,419.074453976
1174,e,1168,419.442771819
1175, ,1169,419.720320847
1176,w,1170,420.408378985
1177,e,1171,420.633065846
1178,n,1172,420.968677905
1179,t,1173,421.221515801
1180, ,1174,421.485113766
1181,s,1175,421.759310868
1182,t,1176,422.451339867
1183,r,1177,422.762202885
1184,a,1178,422.975777772
1185,i,1179,423.191844847
1186,g,1180,423.419506934
1187,h,1181,423.727634814
1188,t,1182,423.937584784
1189, ,1183,424.159047988
1190,o,1184,424.899168875
1191,n,1185,425.197266963
1192, ,1186,425.478992846
1193,l,1187,426.275870946
1194,i,1188,426.558080819
1195,k,1189,426.819399979
1196,e,1190,427.032273915
1197, ,1191,427.336362984
1198,a,1192,427.541682866
1199, ,1193,428.158410933
1200,t,1194,428.569356826
1201,u,1195,428.914866831
1202,n,1196,429.302890923
1203,n,1197,429.519545939
1204,e,1198,429.788040784
1205,l,1199,430.023755934
1206, ,1200,430.320190814
1207,f,1201,431.333879855
1208,o,1202,431.677447941
1209,r,1203,432.000323918
1210, ,1204,432.241460946
1211,s,1205,432.981369879
1212,o,1206,433.33010092
1213,m,1207,433.590639975
1214,e,1208,433.799691823
1215, ,1209,434.134248879
1216,w,1210,434.734492924
1217,a,1211,434.982632783
1218,y,1212,435.420322802
1219, ,1213,435.898615983
1220,a,1214,436.640672829
1221,n,1215,436.813563969
1222,d,1216,437.140263941
1223, ,1217,437.358550933
1224,t,1218,438.125819829
1225,h,1219,438.397686865
1226,e,1220,439.005334761
1227,n,1221,439.179969933
1228, ,1222,439.191645768
1229,d,1223,439.783954766
1230,i,1224,440.028306868
1231,p,1225,440.264200833
1232,p,1226,440.436868813
1233,e,1227,440.791679766
1234,d,1228,441.08731189
1235, ,1229,441.274124768
1236,s,1230,441.875123885
1237,u,1231,442.201007989
1238,d,1232,442.441883948
1239,d,1233,442.642202761
1240,e,1234,442.920932915
1241,n,1235,443.091700938
1242,l,1236,443.44664779
1243,y,1237,443.704391863
1244, ,1238,443.975926783
1245,d,1239,444.700236943
1246,o,1240,444.968086865
1247,w,1241,445.243991997
1248,n,1242,445.691384938
1249, ,1243,445.926613953
1250,a,1244,447.114862826
1251,n,1245,447.749161866
1252,d,1246,448.098659899
1253, ,1247,448.366198924
1254,s,1248,448.960002806
1255,o,1249,449.12906399
1256, ,1250,449.509998944
1257,s,1251,449.906996873
1258,u,1252,450.167828944
1259,d,1253,450.442863848
1260,d,1254,450.625451949
1261,e,1255,450.94289079
1262,n,1256,451.17373791
1263,l,1257,451.47891083
1264,y,1258,451.742911961
1265, ,1259,451.965781834
1266,t,1260,452.536587861
1267,h,1261,452.751479771
1268,a,1262,452.994707968
1269,t,1263,453.249492791
1270, ,1264,453.431533959
1271,a,1265,453.88881984
1272,l,1266,454.165536788
1273,i,1267,454.472327855
1274,c,1268,454.809870865
1275,e,1269,455.135019925
1276, ,1270,455.456532862
1277,h,1271,456.12923899
1278,a,1272,456.334721949
1279,d,1273,456.650190976
1280, ,1274,456.985289958
1281,n,1275,457.722509768
1282,o,1276,457.967821982
1283,t,1277,458.289696839
1284, ,1278,458.511501935
1285,a,1279,458.710421946
1286, ,1280,459.28874984
1287,m,1281,459.689587977
1288,o,1282,459.946702864
1289,m,1283,460.191117909
1290,e,1284,460.45299783
1291,n,1285,460.703064826
1292,t,1286,460.959238913
1293, ,1287,461.331949856
1294,t,1288,461.804797795
1295,o,1289,462.110863831
1296, ,1290,462.344898846
1297,t,1291,462.766138938
1298,h,1292,463.049580958
1299,i,1293,463.273610976
1300,n,1294,463.613929894
1301,k,1295,463.872039941
1302, ,1296,464.266860869
1303,a,1297,464.858728793
1304,b,1298,465.178563979
1305,o,1299,465.424091962
1306,u,1300,465.737730887
1307,t,1301,465.977992919
1308, ,1302,466.168423798
1309,s,1303,466.644603875
1310,t,1304,466.992950823
1311,o,1305,467.170591977
1312,p,1306,467.457266953
1313,p,1307,467.64534178
1314,i,1308,468.072082904
1315,n,1309,468.34076586
1316,g,1310,468.61786094
1317, ,1311,468.912156966
1318,h,1312,469.411177781
1319,e,1313,469.573433783
1320,r,1314,469.678732779
1321,s,1315,470.245884802
1322,e,1316,470.61240783
1323,l,1317,470.864196923
1324,f,1318,471.096276906
1325, ,1319,471.324669984
1326,b,1320,472.065430787
1327,e,1321,472.313048985
1328,f,1322,472.762642768
1329,o,1323,473.061881926
1330,r,1324,473.290725854
1331,e,1325,473.368387845
1332, ,1326,473.793053773
1333,s,1327,474.374829915
1334,h,1328,474.617912915
1335,e,1329,474.863735821
1336, ,1330,475.242461827
1337,f,1331,475.813483861
1338,o,1332,476.00489178
1339,u,1333,476.348678973
1340,n,1334,476.616201785
1341,d,1335,476.876907971
1342, ,1336,477.101329949
1343,h,1337,477.750140813
1344,e,1338,478.013274815
1345,r,1339,478.299093869
1346,s,1340,478.642520812
1347,e,1341,478.942110922
1348,l,1342,479.225723889
1349,f,1343,479.366496947
1350, ,1344,479.527626898
1351,f,1345,480.081070807
1352,a,1346,480.32552686
1353,l,1347,480.580556777
1354,l,1348,480.742816832
1355,i,1349,481.125794795
1356,n,1350,481.378752854
1357,g,1351,481.705925849
1358, ,1352,481.886528876
1359,d,1353,482.571649935
1360,o,1354,483.010157969
1361,w,1355,483.334686902
1362,n,1356,483.576719906
1363, ,1357,483.915274766
1364,w,1358,484.430525925
1365,h,1359,484.818256762
1366,a,1360,485.085323956
1367,t,1361,485.363556769
1368, ,1362,485.681186822
1369,s,1363,486.092481997
1370,e,1364,486.412417796
1371,e,1365,486.714760926
1372,m,1366,487.000507977
1373,e,1367,487.246563819
1374,d,1368,487.613955882
1375, ,1369,487.854524996
1376,t,1370,489.270778802
1377,o,1371,489.562083867
1378, ,1372,489.843106892
1379,b,1373,490.27598181
1380,e,1374,490.586890843
1381, ,1375,490.824670937
1382,a,1376,491.250061896
1383, ,1377,491.545286801
1384,v,1378,492.099830773
1385,e,1379,492.346709874
1386,r,1380,492.582398799
1387,y,1381,492.894481805
1388, ,1382,493.161045935
1389,d,1383,493.755891946
1390,e,1384,494.048497822
1391,e,1385,494.326725867
1392,p,1386,494.673853781
1393, ,1387,494.972657826
1394,w,1388,495.648361828
1395,e,1389,495.867683795
1396,l,1390,496.256477978
1397,l,1391,496.538097766
1398, ,1392,496.855877783
1399,e,1393,497.565492776
1400,i,1394,497.716681864
1401,t,1395,498.029027846
1402,h,1396,498.304203894
1403,e,1397,498.535450843
1404,r,1398,498.796817925
1405, ,1399,499.094548848
1406,t,1400,499.844499972
1407,none,-1,499.887246993
1408,h,1401,500.020063784
1409,e,1402,500.077351954
1410, ,1403,500.366312888
1411,w,1404,500.866813805
1412,e,1405,501.082764771
1413,l,1406,501.399963763
1414,l,1407,501.658050921
1415, ,1408,501.936360982
1416,w,1409,502.462133792
1417,a,1410,502.772056964
1418,s,1411,503.138141778
1419, ,1412,503.40770879
1420,v,1413,504.412705805
1421,e,1414,504.757818844
1422,r,1415,504.999996808
1423,y,1416,505.299034979
1424, ,1417,505.523327973
1425,d,1418,505.988012936
1426,e,1419,506.366887953
1427,e,1420,506.552425769
1428,p,1421,506.8957459
1429, ,1422,507.166097787
1430,o,1423,507.705084946
1431,r,1424,508.033880856
1432, ,1425,508.262151864
1433,s,1426,508.762657788
1434,h,1427,509.112616923
1435,e,1428,509.358960774
1436, ,1429,509.538334992
1437,f,1430,509.98139992
1438,e,1431,510.259348776
1439,l,1432,510.612406876
1440,l,1433,510.83620992
1441, ,1434,511.193456795
1442,v,1435,511.684048798
1443,e,1436,512.063684848
1444,r,1437,512.283962872
1445,y,1438,512.558742907
1446, ,1439,512.70994797
1447,s,1440,513.298940804
1448,l,1441,513.520686772
1449,o,1442,513.672197964
1450,w,1443,513.800772813
1451,l,1444,514.063241866
1452,y,1445,514.370908883
1453, ,1446,514.657579806
1454,f,1447,515.608549979
1455,o,1448,515.925146964
1456,r,1449,516.129659798
1457, ,1450,516.599865821
1458,s,1451,517.042882826
1459,h,1452,517.336457875
1460,e,1453,517.552570965
1461, ,1454,517.798706916
1462,h,1455,518.458915856
1463,a,1456,518.679093983
1464,d,1457,518.941620972
1465, ,1458,519.085073855
1466,p,1459,519.682333853
1467,l,1460,519.983746913
1468,e,1461,520.133798983
1469,n,1462,520.465832856
1470,t,1463,520.640235808
1471,y,1464,521.003636983
1472, ,1465,521.227933791
1473,o,1466,521.873560813
1474,f,1467,522.127277997
1475, ,1468,522.571534779
1476,t,1469,522.931891825
1477,i,1470,523.316434767
1478,m,1471,523.664302972
1479,e,1472,523.841137793
1480, ,1473,524.261403945
1481,a,1474,524.886239913
1482,s,1475,525.214427855
1483, ,1476,525.413825896
1484,s,1477,525.968854811
1485,h,1478,526.326485779
1486,e,1479,526.541299966
1487, ,1480,526.885741856
1488,w,1481,527.366625931
1489,e,1482,527.719207909
1490,n,1483,527.920027878
1491,t,1484,528.183777955
1492, ,1485,528.394253876
1493,d,1486,528.935340789
1494,o,1487,529.095766928
1495,w,1488,529.302966979
1496,n,1489,529.642969992
1497, ,1490,529.965700772
1498,t,1491,530.553194907
1499,o,1492,530.733626988
1500, ,1493,530.948719885
1501,l,1494,531.565539982
1502,o,1495,531.869576838
1503,o,1496,532.098910954
1504,k,1497,532.491303828
1505, ,1498,532.801844981
1506,a,1499,533.448616889
1507,b,1500,533.85548487
1508,o,1501,534.166366961
1509,u,1502,534.415250924
1510,t,1503,534.698304799
1511, ,1504,534.942460921
1512,h,1505,535.670726922
1513,e,1506,536.003731873
1514,r,1507,536.293377783
1515, ,1508,536.484489825
1516,a,1509,537.249746945
1517,n,1510,537.592529919
1518,d,1511,537.849662926
1519, ,1512,538.038650897
1520,t,1513,538.885601905
1521,o,1514,539.144322779
1522, ,1515,539.478386786
1523,w,1516,540.114158776
1524,o,1517,540.366526988
1525,n,1518,540.685211804
1526,d,1519,540.972543862
1527,e,1520,541.307900813
1528,r,1521,541.575944808
1529, ,1522,542.067652848
1530,w,1523,542.619995978
1531,h,1524,543.020600941
1532,a,1525,543.356465962
1533,t,1526,543.703786996
1534, ,1527,544.320382979
1535,w,1528,545.215998795
1536,a,1529,545.508305934
1537,s,1530,545.715338853
1538, ,1531,545.880883839
1539,g,1532,546.143536952
1540,i,1533,546.948941853
1541,n,1534,547.416287806
1542,g,1535,547.752760794
1543, ,1536,548.046333935
1544,t,1537,548.700836804
1545,o,1538,548.902213957
1546, ,1539,549.06977382
1547,h,1540,549.980210927
1548,a,1541,550.155228999
1549,p,1542,550.508492854
1550,p,1543,550.665693906
1551,e,1544,551.065534976
1552,none,-1,551.287499812
1553,n,1545,551.299811986
1554, ,1546,551.606844809
1555,n,1547,552.534033921
1556,e,1548,552.683245804
1557,x,1549,552.949790862
1558,t,1550,553.314140942
1559, ,1551,553.496821788
1560,f,1552,554.606397774
1561,i,1553,554.823370841
1562,r,1554,555.182501938
1563,s,1555,555.45736995
1564,t,1556,555.636050847
1565, ,1557,556.086062815
1566,s,1558,556.765992787
1567,none,-1,557.02925482
1568,h,1559,557.039633897
1569,e,1560,557.28530493
1570, ,1561,557.823604968
1571,t,1562,558.427586939
1572,r,1563,558.737001803
1573,i,1564,559.020893958
1574,e,1565,560.749653962
1575,d,1566,560.926030781
1576, ,1567,561.040802863
1577,t,1568,561.717424777
1578,o,1569,561.958372977
1579, ,1570,562.197442916
1580,l,1571,562.995181945
1581,o,1572,563.380673793
1582,o,1573,563.717415955
1583,k,1574,563.986267951
1584, ,1575,564.230794814
1585,d,1576,565.30220094
1586,o,1577,565.516410973
1587,w,1578,565.736109879
1588,n,1579,566.074372914
1589, ,1580,566.313399937
1590,a,1581,566.818218854
1591,n,1582,567.203143981
1592,d,1583,567.434673932
1593, ,1584,567.641090777
1594,w,1585,567.974539902
1595,o,1586,568.319581893
1596,n,1587,568.637674954
1597,d,1588,568.910553839
1598,e,1589,569.28191581
1599,r,1590,569.581505921
1600, ,1591,570.119454768
1601,w,1592,570.569048789
1602,h,1593,570.929147866
1603,a,1594,571.225462821
1604,t,1595,571.468093779
1605, ,1596,571.813859847
1606,w,1597,572.553854849
1607,a,1598,572.79555383
1608,s,1599,573.052692797
1609, ,1600,573.286707785
1610,c,1601,573.767872956
1611,o,1602,574.085715916
1612,m,1603,574.388171818
1613,i,1604,574.691262868
1614,n,1605,575.078504946
1615,g,1606,575.323437836
1616, ,1607,575.603990939
1617,n,1608,576.529940989
1618,e,1609,576.670303967
1619,x,1610,577.083627846
1620,t,1611,577.523310807
1621, ,1612,577.89527693
1622,b,1613,579.059457925
1623,u,1614,579.272528794
1624,t,1615,579.607222941
1625, ,1616,579.877075818
1626,i,1617,580.320329812
1627,t,1618,580.469108966
1628, ,1619,580.89987078
1629,w,1620,581.388592866
1630,a,1621,581.690520909
1631,s,1622,581.95875397
1632, ,1623,582.25958195
1633,t,1624,582.720760968
1634,o,1625,583.071733859
1635,o,1626,583.292030957
1636, ,1627,583.644571927
1637,d,1628,584.010082867
1638,a,1629,584.479375985
1639,r,1630,585.573232796
1640,k,1631,585.921190884
1641, ,1632,586.237987902
1642,t,1633,586.934026864
1643,o,1634,587.188172963
1644, ,1635,587.576336768
1645,m,1636,588.121690896
1646,a,1637,588.408532765
1647,k,1638,588.674775984
1648,e,1639,588.888224986
1649, ,1640,589.100101855
1650,o,1641,589.905855801
1651,u,1642,590.239154961
1652,t,1643,590.410947945
1653, ,1644,590.643680957
1654,a,1645,591.439343836
1655,n,1646,591.716597941
1656,y,1647,591.965248969
1657,t,1648,592.188516762
1658,h,1649,592.47454181
1659,i,1650,592.716790822
1660,n,1651,592.958551791
1661,g,1652,593.232298997
1662, ,1653,593.486848977
1663,t,1654,594.354328778
1664,h,1655,594.561955836
1665,e,1656,594.909157899
1666,n,1657,595.244463828
1667, ,1658,595.439756777
1668,s,1659,595.739440825
1669,h,1660,596.294807818
1670,e,1661,596.589008954
1671, ,1662,596.716617968
1672,l,1663,597.371838954
1673,o,1664,597.651069787
1674,o,1665,597.858947899
1675,k,1666,598.123352912
1676,e,1667,598.506117966
1677,d,1668,598.761072781
1678, ,1669,599.059499886
1679,a,1670,599.712674763
1680,t,1671,600.106360819
1681, ,1672,600.307972815
1682,t,1673,600.950904992
1683,h,1674,601.182009843
1684,e,1675,601.442973998
1685, ,1676,601.661234763
1686,s,1677,602.184537795
1687,i,1678,602.546677973
1688,d,1679,602.740412858
1689,e,1680,603.058809903
1690,s,1681,603.153285887
1691, ,1682,603.593302872
1692,o,1683,604.146806863
1693,f,1684,604.446280863
1694, ,1685,604.611306813
1695,t,1686,605.23058882
1696,h,1687,605.501300957
1697,e,1688,605.754007962
1698, ,1689,606.013374951
1699,w,1690,606.574210789
1700,e,1691,606.807486918
1701,l,1692,607.161241915
1702,l,1693,607.35579696
1703, ,1694,607.672052767
1704,a,1695,608.29329696
1705,n,1696,608.421285775
1706,d,1697,608.712604907
1707, ,1698,608.990678933
1708,n,1699,609.408148911
1709,o,1700,609.640553858
1710,t,1701,609.915502932
1711,i,1702,610.121239808
1712,c,1703,610.350970891
1713,e,1704,610.676947978
1714,d,1705,610.871023801
1715, ,1706,611.284465935
1716,t,1707,611.976440814
1717,h,1708,612.204266932
1718,a,1709,612.529050973
1719,t,1710,612.84423199
1720, ,1711,613.310680773
1721,t,1712,613.972525981
1722,h,1713,614.237839844
1723,e,1714,614.39844599
1724,y,1715,614.865266946
1725, ,1716,615.249386933
1726,w,1717,615.865702775
1727,e,1718,616.26044884
1728,r,1719,616.538862851
1729,e,1720,616.79378691
1730, ,1721,617.127606776
1731,f,1722,617.570576813
1732,i,1723,617.908506777
1733,l,1724,618.208873894
1734,l,1725,618.377493766
1735,e,1726,618.718604949
1736,d,1727,618.992155936
1737, ,1728,619.380561974
1738,w,1729,619.828644898
1739,i,1730,619.997650769
1740,t,1731,620.299098876
1741,h,1732,620.555188801
1742, ,1733,620.852724936
1743,c,1734,621.572441962
1744,u,1735,621.748952773
1745,p,1736,621.848789838
1746,b,1737,622.121197846
1747,o,1738,622.364532855
1748,a,1739,622.562604811
1749,r,1740,622.951011803
1750,d,1741,623.326312926
1751,s,1742,623.639423993
1752,a,1743,623.884395983
1753, ,1744,624.609276917
1754,a,1745,625.242458966
1755,n,1746,625.462691929
1756,d,1747,625.7284359
1757, ,1748,625.879821923
1758,b,1749,626.129861977
1759,o,1750,626.51256099
1760,o,1751,626.647348788
1761,k,1752,626.955013898
1762, ,1753,627.116371777
1763,s,1754,627.253731873
1764,h,1755,627.497086909
1765,none,-1,627.643684771
1766,e,1756,627.654092934
1767,l,1757,628.149137881
1768,v,1758,628.331212905
1769,e,1759,628.728035834
1770,s,1760,629.143189814
1771, ,1761,629.502789881
1772,h,1762,630.265469935
1773,e,1763,630.547767785
1774,r,1764,630.84304991
1775,e,1765,630.967465785
1776, ,1766,631.608841803
1777,a,1767,632.053846982
1778,n,1768,632.298324969
1779,d,1769,632.580654767
1780, ,1770,632.802623894
1781,t,1771,633.217795994
1782,h,1772,633.617509988
1783,e,1773,633.950381901
1784,r,1774,634.289716866
1785,e,1775,634.537797835
1786, ,1776,634.776968863
1787,s,1777,635.549590972
1788,h,1778,635.879432824
1789,e,1779,636.144611981
1790, ,1780,636.435671952
1791,s,1781,636.939704802
1792,a,1782,637.615010884
1793,w,1783,637.879577782
1794, ,1784,638.076559928
1795,m,1785,638.39000788
1796,a,1786,638.594388869
1797,p,1787,638.858148959
1798,s,1788,639.187649872
1799, ,1789,639.447475817
1800,a,1790,639.70449796
1801,n,1791,639.827334788
1802,d,1792,640.106705811
1803, ,1793,640.482282784
1804,p,1794,640.91839185
1805,i,1795,641.249411967
1806,c,1796,641.420935776
1807,t,1797,641.825671818
1808,u,1798,642.088302996
1809,r,1799,642.330543902
1810,e,1800,642.686655905
1811,s,1801,642.802028802
1812, ,1802,643.249437955
1813,h,1803,643.758976844
1814,u,1804,644.084393885
1815,n,1805,644.437391904
1816,g,1806,644.696596768
1817,s,1807,645.021682885
1818, ,1808,645.205660966
1819,u,1809,646.024552968
1820,p,1810,646.283353951
1821,o,1811,646.568719771
1822,n,1812,646.843429949
1823, ,1813,647.10047498
1824,p,1814,647.678595927
1825,e,1815,647.961548951
1826,g,1816,648.298081782
1827,s,1817,648.546171811
1828, ,1818,648.99545398
1829,s,1819,649.2375299
1830,h,1820,649.499143984
1831,e,1821,649.878407862
1832, ,1822,650.159660962
1833,t,1823,650.739452984
1834,o,1824,651.086133864
1835,o,1825,651.460969832
1836,k,1826,651.750069764
1837, ,1827,652.055098918
1838,d,1828,652.622835782
1839,o,1829,652.928523925
1840,w,1830,653.170818951
1841,n,1831,653.555189994
1842, ,1832,653.882073786
1843,a,1833,654.453668978
1844, ,1834,654.839112904
1845,j,1835,655.47840586
1846,a,1836,655.919234898
1847,r,1837,656.752828982
1848, ,1838,657.093889859
1849,f,1839,658.39990988
1850,r,1840,658.687861827
1851,o,1841,658.816737797
1852,none,-1,658.885603812
1853,m,1842,658.898283866
1854, ,1843,659.35303798
1855,o,1844,660.298778918
1856,n,1845,660.622422841
1857,e,1846,660.853938964
1858, ,1847,661.035314944
1859,o,1848,661.273134854
1860,f,1849,661.651554969
1861, ,1850,661.955118802
1862,t,1851,662.511251834
1863,h,1852,662.814986851
1864,e,1853,663.154360917
1865, ,1854,663.370163825
1866,s,1855,664.217618849
1867,h,1856,664.486013796
1868,e,1857,664.6872808
1869,l,1858,665.22671881
1870,v,1859,665.41362181
1871,e,1860,665.763312962
1872,s,1861,666.051779893
1873, ,1862,666.410704997
1874,a,1863,667.657303956
1875,s,1864,667.956332829
1876, ,1865,668.337668803
1877,s,1866,669.30655494
1878,h,1867,669.619463828
1879,e,1868,669.818470862
1880, ,1869,670.415899899
1881,p,1870,670.920485881
1882,a,1871,671.168911841
1883,s,1872,671.501546767
1884,s,1873,671.788456824
1885,e,1874,672.202534821
1886,d,1875,672.493410971
1887,none,-1,673.001910832
1888, ,1876,673.012259867
1889,f,1877,673.593848851
1890,i,1878,673.985535767
1891,r,1879,674.322545912
1892,s,1880,674.625044968
1893,t,1881,674.96999779
1894, ,1882,675.499449876
1895,b,1883,676.533725884
1896,u,1884,676.791016963
1897,t,1885,677.112194922
1898, ,1886,677.387022879
1899,t,1887,677.727887776
1900,o,1888,678.057864812
1901, ,1889,678.391939786
1902,h,1890,679.029847768
1903,e,1891,679.298771765
1904,r,1892,679.547278788
1905, ,1893,679.794902947
1906,d,1894,681.163986828
1907,i,1895,681.406337884
1908,s,1896,681.754056838
1909,a,1897,681.93025079
1910,p,1898,681.940930989
1911,p,1899,682.111202862
1912,o,1900,682.349005845
1913,i,1901,682.634018805
1914,n,1902,682.860605862
1915,t,1903,683.145900872
1916,m,1904,683.446215775
1917,e,1905,683.581091788
1918,n,1906,683.765949872
1919,t,1907,684.107334998
1920, ,1908,684.38633981
1921,i,1909,685.016327765
1922,t,1910,685.286666777
1923, ,1911,685.569614794
1924,w,1912,686.185952809
1925,a,1913,686.525211957
1926,s,1914,686.758996871
1927, ,1915,687.009435799
1928,e,1916,687.454115775
1929,m,1917,687.792410996
1930,p,1918,688.073716786
1931,t,1919,688.287018922
1932,y,1920,688.703552869
1933, ,1921,688.983910945
1934,s,1922,689.605061915
1935,h,1923,689.791733887
1936,e,1924,690.06237283
1937, ,1925,690.421480801
1938,d,1926,690.821823981
1939,i,1927,691.075109866
1940,d,1928,691.280601885
1941, ,1929,691.606490996
1942,n,1930,692.2209219
1943,o,1931,692.554553893
1944,t,1932,692.891512778
1945, ,1933,693.124942925
1946,l,1934,693.650398877
1947,i,1935,693.968086865
1948,k,1936,694.178138878
1949,e,1937,694.526901868
1950, ,1938,694.731273797
1951,t,1939,695.137929824
1952,o,1940,695.688225892
1953, ,1941,695.947839883
1954,d,1942,696.348542836
1955,r,1943,696.644876864
1956,o,1944,696.893684771
1957,p,1945,697.194185879
1958, ,1946,697.438918975
1959,t,1947,697.868821767
1960,h,1948,698.036710885
1961,e,1949,698.274087813
1962, ,1950,698.47929683
1963,j,1951,698.916084912
1964,a,1952,699.281959918
1965,r,1953,699.524263766
1966, ,1954,699.722339776
1967,f,1955,700.635336783
1968,o,1956,700.786965993
1969,r,1957,701.099193957
1970, ,1958,701.46526995
1971,f,1959,701.954466965
1972,e,1960,702.307978776
1973,a,1961,702.57670584
1974,r,1962,702.860223916
1975, ,1963,703.244619992
1976,o,1964,703.575916913
1977,f,1965,704.028090861
1978, ,1966,704.243756917
1979,k,1967,704.862895873
1980,i,1968,705.254879859
1981,l,1969,705.563929942
1982,l,1970,705.726899769
1983,i,1971,706.145079997
1984,n,1972,706.456226971
1985,g,1973,706.740152981
1986, ,1974,707.060931828
1987,s,1975,707.64357486
1988,o,1976,707.97288194
1989,m,1977,708.249357846
1990,e,1978,708.505202916
1991,b,1979,708.867213872
1992,o,1980,709.190005925
1993,d,1981,709.335146811
1994,y,1982,710.091241982
1995, ,1983,710.41641083
1996,u,1984,711.312541869
1997,n,1985,711.600522902
1998,d,1986,711.852649834
1999,e,1987,712.24069896
2000,r,1988,712.520634797
2001,n,1989,713.073509839
2002,e,1990,713.375865843
2003,a,1991,713.658008959
2004,t,1992,714.029230979
2005,h,1993,714.303434994
2006, ,1994,714.718563941
2007,s,1995,715.396262791
2008,o,1996,715.565026906
2009, ,1997,715.976367858
2010,s,1998,716.590122845
2011,h,1999,716.886848834
2012,e,2000,717.142136958
2013, ,2001,717.438590911
2014,m,2002,718.051181939
2015,a,2003,718.322551873
2016,n,2004,718.609257844
2017,a,2005,718.791362908
2018,g,2006,719.108396914
2019,e,2007,719.413471844
2020,d,2008,719.606625941
2021, ,2009,720.013008979
2022,t,2010,720.558096793
2023,o,2011,720.791556981
2024, ,2012,721.074760821
2025,p,2013,721.455934909
2026,u,2014,721.876822856
2027,t,2015,722.152063992
2028, ,2016,722.441469815
2029,i,2017,723.228363898
2030,t,2018,723.478600886
2031, ,2019,723.664170888
2032,i,2020,724.12486687
2033,n,2021,724.56810489
2034,t,2022,724.913697865
2035,o,2023,725.13457885
2036, ,2024,725.487406876
2037,o,2025,726.00918093
2038,n,2026,726.336661961
2039,e,2027,726.68886986
2040, ,2028,726.939898875
2041,o,2029,727.537534859
2042,f,2030,727.875105765
2043, ,2031,728.116970923
2044,t,2032,728.639570859
2045,h,2033,728.936801818
2046,e,2034,729.225413945
2047, ,2035,729.494155791
2048,c,2036,729.835008767
2049,u,2037,730.203936961
2050,p,2038,730.508401778
2051,b,2039,730.810757783
2052,o,2040,731.050151971
2053,a,2041,731.325954821
2054,r,2042,731.695206788
2055,d,2043,732.046889928
2056,s,2044,732.310761836
2057, ,2045,732.796958831
2058,a,2046,733.575705912
2059,s,2047,733.858910945
2060, ,2048,734.248075869
2061,s,2049,734.763187792
2062,h,2050,735.136596825
2063,e,2051,735.282517817
2064, ,2052,735.792777922
2065,f,2053,736.263448861
2066,e,2054,736.531217959
2067,e,2055,736.726596978
2068,l,2056,737.290212777
2069,l,2057,737.605587866
2070, ,2058,737.849001792
2071,p,2059,738.521264937
2072,a,2060,738.882758763
2073,s,2061,739.114348796
2074,t,2062,739.503160861
2075, ,2063,739.730598834
2076,i,2064,740.558672812
2077,t,2065,740.954003956
2078, ,2066,741.81089988
2079,w,2067,742.746711877
2080,e,2068,742.923739817
2081,l,2069,743.223198798
2082,l,2070,743.435505774
2083, ,2071,743.765529778
2084,t,2072,744.444458869
2085,h,2073,744.6920239
2086,o,2074,745.014173892
2087,u,2075,745.311419871
2088,g,2076,745.58214989
2089,h,2077,745.731698897
2090,t,2078,746.019637969
2091, ,2079,746.398563769
2092,a,2080,746.799508956
2093,l,2081,747.168142941
2094,i,2082,747.486467984
2095,c,2083,747.785899785
2096,e,2084,748.031469968
2097, ,2085,748.385500815
2098,t,2086,749.171112921
2099,o,2087,749.365356829
2100, ,2088,749.751154807
2101,h,2089,750.604665902
2102,e,2090,750.949974921
2103,r,2091,751.196234849
2104,s,2092,751.514937785
2105,e,2093,751.805100825
2106,l,2094,752.094967988
2107,f,2095,752.268301871
2108, ,2096,752.573533919
2109,a,2097,753.251979973
2110,f,2098,753.5169858
2111,t,2099,753.878330853
2112,e,2100,754.150755789
2113,r,2101,754.431960967
2114, ,2102,754.750599768
2115,s,2103,755.280963805
2116,u,2104,755.639895823
2117,c,2105,755.870486882
2118,h,2106,756.136815932
2119, ,2107,756.418075946
2120,a,2108,756.978321936
2121, ,2109,757.334496882
2122,f,2110,758.080908921
2123,a,2111,758.441136983
2124,l,2112,758.949441817
2125,l,2113,759.085943844
2126, ,2114,759.974020865
2127,a,2115,760.745481875
2128,s,2116,761.052268889
2129, ,2117,761.249867823
2130,t,2118,761.945651915
2131,h,2119,762.182960894
2132,i,2120,762.431147959
2133,s,2121,762.620063927
2134, ,2122,762.866242793
2135,i,2123,763.567699816
2136, ,2124,763.66571584
2137,s,2125,764.456888821
2138,h,2126,764.689964917
2139,a,2127,765.046926882
2140,l,2128,765.45477691
2141,l,2129,765.646206763
2142, ,2130,765.972331908
2143,t,2131,766.683266785
2144,h,2132,766.881974843
2145,i,2133,767.136332896
2146,n,2134,767.460685876
2147,k,2135,767.763203766
2148, ,2136,768.046349909
2149,n,2137,768.673956778
2150,o,2138,768.940696862
2151,t,2139,769.335882809
2152,h,2140,769.568453934
2153,i,2141,769.867824938
2154,n,2142,770.105168965
2155,g,2143,770.489511874
2156, ,2144,770.742831853
2157,o,2145,771.135676768
2158,f,2146,771.598045972
2159, ,2147,771.778327849
2160,t,2148,772.297221806
2161,u,2149,772.495705989
2162,m,2150,772.837057974
2163,b,2151,773.123256829
2164,l,2152,773.418053773
2165,i,2153,773.79446378
2166,n,2154,774.345396903
2167,g,2155,774.674042847
2168, ,2156,775.04250088
2169,d,2157,775.707843926
2170,o,2158,775.997494843
2171,w,2159,776.257827904
2172,n,2160,776.587987807
2173, ,2161,776.88361397
2174,s,2162,777.36678591
2175,t,2163,777.708289769
2176,a,2164,777.948021796
2177,i,2165,778.181607869
2178,r,2166,778.559731867
2179,s,2167,778.864491847
2180, ,2168,779.228129771
2181,h,2169,779.936033871
2182,o,2170,780.006115821
2183,w,2171,780.436390784
2184, ,2172,780.754326966
2185,b,2173,781.098272946
2186,r,2174,781.500428822
2187,a,2175,781.766434815
2188,v,2176,782.111558821
2189,e,2177,782.392586854
2190, ,2178,782.617279914
2191,t,2179,783.217423823
2192,h,2180,783.497147944
2193,e,2181,783.684164908
2194,y,2182,784.05171695
2195, ,2183,784.261611846
2196,w,2184,784.865194943
2197,i,2185,785.073023942
2198,l,2186,785.504178908
2199,l,2187,785.880186942
2200, ,2188,786.125799802
2201,t,2189,786.857969906
2202,h,2190,787.003603842
2203,i,2191,787.298179772
2204,n,2192,787.586965945
2205,k,2193,787.876089957
2206, ,2194,788.336567786
2207,m,2195,788.882234957
2208,e,2196,789.171819832
2209, ,2197,789.430018809
2210,a,2198,790.003818896
2211,t,2199,790.375057843
2212, ,2200,790.584235814
2213,h,2201,790.991988804
2214,o,2202,791.453278926
2215,m,2203,791.788230803
2216,e,2204,792.128266957
2217, ,2205,792.386878874
2218,w,2206,793.077856925
2219,h,2207,793.358795788
2220,y,2208,793.702289965
2221, ,2209,794.025561955
2222,i,2210,794.538900998
2223, ,2211,794.764170792
2224,w,2212,795.353381779
2225,o,2213,795.955106881
2226,u,2214,796.280677941
2227,l,2215,796.653390792
2228,d,2216,796.946940806
2229, ,2217,797.256607917
2230,n,2218,797.88623586
2231,o,2219,798.223196891
2232,t,2220,798.695765879
2233, ,2221,798.996419814
2234,s,2222,799.593315985
2235,a,2223,799.949176934
2236,y,2224,800.327100899
2237, ,2225,800.552273896
2238,a,2226,801.063152936
2239,n,2227,801.428703931
2240,y,2228,801.819743779
2241,t,2229,802.125814822
2242,h,2230,802.343559888
2243,i,2231,802.634279874
2244,n,2232,802.922456887
2245,g,2233,803.344740775
2246,none,-1,803.624034789
2247, ,2234,803.691715863
2248,a,2235,804.173885968
2249,b,2236,804.532430794
2250,o,2237,804.905803826
2251,u,2238,805.19401994
2252,t,2239,805.455532935
2253, ,2240,805.688953784
2254,i,2241,806.251423981
2255,t,2242,806.467577841
2256, ,2243,806.792645838
2257,e,2244,807.549638894
2258,v,2245,807.86577287
2259,e,2246,808.046478894
2260,n,2247,808.424302962
2261, ,2248,808.69045296
2262,i,2249,809.311489966
2263,f,2250,809.547734883
2264, ,2251,809.968892958
2265,i,2252,810.524622824
2266, ,2253,810.825791981
2267,f,2254,811.272541907
2268,e,2255,811.558454898
2269,l,2256,811.857444909
2270,l,2257,812.073103812
2271, ,2258,812.443172839
2272,o,2259,813.101909783
2273,f,2260,813.425553944
2274,f,2261,813.692686942
2275, ,2262,814.045326855
2276,t,2263,814.527066853
2277,h,2264,814.859458831
2278,e,2265,815.006022837
2279, ,2266,815.341101792
2280,t,2267,815.804369834
2281,o,2268,816.119362977
2282,p,2269,816.379001763
2283, ,2270,816.880178836
2284,o,2271,817.538445857
2285,f,2272,817.789289858
2286, ,2273,818.104018834
2287,t,2274,818.830785897
2288,h,2275,819.180370953
2289,e,2276,819.416176942
2290, ,2277,819.688644793
2291,h,2278,820.280628827
2292,o,2279,820.687000897
2293,u,2280,821.023265984
2294,s,2281,821.383126881
2295,e,2282,821.603550818
2296, ,2283,821.986321833
2297,w,2284,822.586125996
2298,h,2285,822.891548779
2299,i,2286,823.083693888
2300,c,2287,823.364849951
2301,h,2288,823.69666281
2302,none,-1,824.023742821
2303, ,2289,824.035825875
2304,w,2290,824.625660803
2305,a,2291,824.883339789
2306,s,2292,825.192202952
2307, ,2293,825.489385989
2308,v,2294,826.072036889
2309,e,2295,826.359530833
2310,r,2296,826.652574923
2311,y,2297,826.953201916
2312, ,2298,827.13261595
2313,l,2299,827.670211938
2314,i,2300,827.941401866
2315,k,2301,828.154064801
2316,e,2302,828.358688977
2317,l,2303,828.631130841
2318,y,2304,828.937316802
2319, ,2305,829.371587899
2320,t,2306,830.022884991
2321,r,2307,830.353976872
2322,u,2308,830.629877951
2323,e,2309,830.939432767
2324, ,2310,831.243197825
2325,a,2311,831.859906819
2326,l,2312,832.122354891
2327,i,2313,832.539162781
2328,c,2314,832.931631949
2329,e,2315,833.137500909
2330, ,2316,833.720872786
2331,w,2317,834.348027852
2332,a,2318,834.647831824
2333,s,2319,834.891600993
2334, ,2320,835.29803982
2335,b,2321,835.760188964
2336,e,2322,836.011166957
2337,g,2323,836.300150778
2338,i,2324,836.589538958
2339,n,2325,836.858992961
2340,n,2326,837.592660811
2341,i,2327,837.977044966
2342,n,2328,838.238107827
2343,g,2329,838.492635873
2344, ,2330,838.79320493
2345,t,2331,839.471016791
2346,o,2332,839.672513869
2347, ,2333,839.972231772
2348,g,2334,840.486264851
2349,e,2335,840.786675837
2350,t,2336,841.11132088
2351, ,2337,841.408478882
2352,v,2338,841.743799832
2353,e,2339,842.106480982
2354,r,2340,842.305288937
2355,y,2341,842.70715895
2356, ,2342,842.9010829
2357,t,2343,843.45599499
2358,i,2344,843.691078808
2359,r,2345,843.953659918
2360,e,2346,844.25326195
2361,d,2347,844.493870881
2362, ,2348,844.882728961
2363,o,2349,845.526565936
2364,f,2350,845.690046933
2365, ,2351,846.043283847
2366,s,2352,846.630099919
2367,i,2353,846.92177191
2368,t,2354,847.127781775
2369,t,2355,847.449158814
2370,i,2356,847.730566886
2371,n,2357,847.964845803
2372,g,2358,848.148737815
2373, ,2359,848.486915972
2374,b,2360,848.988741782
2375,y,2361,849.323498871
2376, ,2362,849.510632899
2377,h,2363,850.170062926
2378,e,2364,850.370804932
2379,r,2365,850.660547879
2380, ,2366,851.173964884
2381,s,2367,851.650140908
2382,i,2368,851.913706925
2383,s,2369,852.081818965
2384,t,2370,852.376279977
2385,e,2371,852.750447896
2386,r,2372,852.985403922
2387, ,2373,853.505062964
2388,o,2374,854.046108868
2389,n,2375,854.322427895
2390, ,2376,854.567181971
2391,t,2377,854.973702815
2392,h,2378,855.2954649
2393,e,2379,855.491933968
2394, ,2380,855.667649892
2395,b,2381,856.058379796
2396,a,2382,856.41155782
2397,n,2383,856.656169799
2398,k,2384,856.985463765
2399, ,2385,857.34539285
2400,o,2386,857.922247794
2401,f,2387,858.193172839
2402, ,2388,858.440251973
2403,h,2389,859.36074796
2404,a,2390,859.554007914
2405,v,2391,859.778898862
2406,i,2392,859.941274789
2407,n,2393,860.258641865
2408,g,2394,860.577410844
2409, ,2395,860.80089679
2410,n,2396,861.292931941
2411,o,2397,861.546339896
2412,t,2398,861.835025933
2413,h,2399,862.07425585
2414,i,2400,862.345672991
2415,n,2401,862.608565953
2416,g,2402,862.88527694
2417, ,2403,863.068279889
2418,t,2404,863.787910845
2419,o,2405,863.983842995
2420, ,2406,864.218419936
2421,d,2407,864.52668896
2422,o,2408,864.798575785
2423, ,2409,865.211891797
2424,o,2410,866.057137873
2425,n,2411,866.323567774
2426,c,2412,866.666648772
2427,e,2413,866.924806979
2428, ,2414,867.193328765
2429,o,2415,867.67066088
2430,r,2416,868.009297993
2431, ,2417,868.193354991
2432,t,2418,868.635157969
2433,w,2419,868.894318965
2434,i,2420,869.128832963
2435,c,2421,869.42949095
2436,e,2422,869.697506812
2437, ,2423,870.013188985
2438,s,2424,870.640130904
2439,h,2425,870.968630936
2440,e,2426,871.186024811
2441, ,2427,871.48652282
2442,h,2428,872.169539836
2443,a,2429,872.430794861
2444,d,2430,872.751652863
2445, ,2431,873.124163773
2446,p,2432,873.604490903
2447,e,2433,873.841045764
2448,e,2434,874.112064984
2449,p,2435,874.422404912
2450,e,2436,874.619169858
2451,d,2437,874.942529824
2452, ,2438,875.382690814
2453,i,2439,875.911063817
2454,n,2440,876.187149909
2455,t,2441,876.48929682
2456,o,2442,876.668905881
2457, ,2443,876.89367285
2458,t,2444,877.450765994
2459,h,2445,877.715031769
2460,e,2446,877.896919873
2461, ,2447,878.07059994
2462,b,2448,878.849082854
2463,o,2449,879.197376874
2464,o,2450,879.381652978
2465,k,2451,879.649540808
2466, ,2452,879.927232888
2467,h,2453,880.611191895
2468,e,2454,880.826856997
2469,r,2455,881.132412818
2470, ,2456,881.321176913
2471,s,2457,882.064030793
2472,i,2458,882.375693944
2473,s,2459,882.575343993
2474,t,2460,883.66907182
2475,e,2461,884.181596902
2476,r,2462,884.404565957
2477, ,2463,884.637374785
2478,w,2464,885.1852788
2479,a,2465,885.522688773
2480,s,2466,885.791099932
2481, ,2467,886.110496905
2482,r,2468,886.72713485
2483,e,2469,887.047969964
2484,a,2470,887.272649911
2485,d,2471,887.542482999
2486,i,2472,887.856405881
2487,n,2473,888.096636918
2488,g,2474,888.373187926
2489, ,2475,888.579325822
2490,b,2476,889.127206948
2491,u,2477,889.316067841
2492,t,2478,889.533722785
2493, ,2479,889.865970996
2494,i,2480,890.336201813
2495,t,2481,890.612074998
2496, ,2482,890.917813924
2497,h,2483,891.57819691
2498,a,2484,891.782103923
2499,d,2485,892.085901883
2500, ,2486,892.304762986
2501,n,2487,893.01669183
2502,o,2488,893.300639775
2503, ,2489,893.605176833
2504,p,2490,894.236521866
2505,i,2491,894.52061477
2506,c,2492,894.771616843
2507,t,2493,895.097052958
2508,u,2494,895.365887787
2509,r,2495,895.500825789
2510,e,2496,895.886420872
2511,s,2497,896.101499941
2512, ,2498,896.490276959
2513,o,2499,897.262811806
2514,r,2500,897.502546933
2515, ,2501,897.772781994
2516,c,2502,898.32791796
2517,o,2503,898.590632823
2518,n,2504,898.849683907
2519,v,2505,899.035211947
2520,e,2506,899.381975796
2521,r,2507,899.569055941
2522,s,2508,899.803926852
2523,a,2509,900.027935889
2524,t,2510,900.359583762
2525,i,2511,900.52319279
2526,o,2512,900.76434293
2527,n,2513,901.045817998
2528,s,2514,901.314621833
2529, ,2515,901.546718981
2530,i,2516,902.188209918
2531,n,2517,902.450764802
2532, ,2518,902.752669957
2533,i,2519,903.228161957
2534,t,2520,903.455906775
2535, ,2521,903.728997853
2536,a,2522,904.340454962
2537,n,2523,904.554409888
2538,d,2524,904.831064847
2539, ,2525,905.111279872
2540,w,2526,905.423738864
2541,h,2527,905.70412698
2542,a,2528,905.940009978
2543,a,2529,906.053918984
2544,t,2530,906.465026763
2545, ,2531,906.691215899
2546,i,2532,907.335499909
2547,s,2533,907.5496048
2548, ,2534,907.722965863
2549,t,2535,908.401602891
2550,h,2536,908.614193823
2551,e,2537,908.857140925
2552, ,2538,909.073147919
2553,u,2539,909.66821089
2554,s,2540,910.05311599
2555,e,2541,910.346474793
2556, ,2542,910.625817921
2557,o,2543,911.12387481
2558,f,2544,911.427652981
2559,none,-1,911.630380776
2560, ,2545,911.640599873
2561,a,2546,911.870834973
2562, ,2547,912.345420983
2563,b,2548,912.961785939
2564,o,2549,913.198496964
2565,o,2550,913.348545935
2566,k,2551,913.622769978
2567, ,2552,913.868576911
2568,t,2553,914.508511927
2569,h,2554,914.764598992
2570,o,2555,915.051014807
2571,u,2556,915.344438937
2572,g,2557,915.609056857
2573,h,2558,915.783194926
2574,t,2559,916.036005881
2575, ,2560,916.367590811
2576,a,2561,916.90258899
2577,l,2562,917.191256907
2578,i,2563,917.475110915
2579,c,2564,917.766571906
2580,e,2565,917.989333775
2581, ,2566,918.320392993
2582,w,2567,918.902961877
2583,i,2568,919.119490769
2584,t,2569,919.431963828
2585,h,2570,919.65255585
2586,o,2571,920.000418809
2587,u,2572,920.282140877
2588,t,2573,920.505283978
2589, ,2574,920.711408999
2590,p,2575,921.370905783
2591,i,2576,921.661471989
2592,c,2577,921.848280814
2593,t,2578,922.166968968
2594,u,2579,922.405022767
2595,r,2580,922.575921919
2596,e,2581,922.957248833
2597,s,2582,923.201183942
2598, ,2583,923.504700806
2599,o,2584,924.32960191
2600,r,2585,924.67709985
2601, ,2586,924.852867987
2602,c,2587,925.274908927
2603,o,2588,925.600882914
2604,n,2589,925.949663785
2605,v,2590,926.137078908
2606,e,2591,926.445598986
2607,r,2592,926.542080786
2608,s,2593,926.910823968
2609,a,2594,927.134419825
2610,t,2595,927.438344863
2611,i,2596,927.686030772
2612,o,2597,927.946445849
2613,n,2598,928.150109913
2614,s,2599,928.518744853
2615, ,2600,928.721435931
2616,s,2601,929.387410786
2617,o,2602,929.650988963
2618, ,2603,929.88683882
2619,s,2604,930.321819928
2620,h,2605,930.71567097
2621,e,2606,931.015208867
2622, ,2607,931.282466796
2623,w,2608,931.764073994
2624,a,2609,932.028233912
2625,s,2610,932.261320975
2626, ,2611,932.478741791
2627,c,2612,932.982551959
2628,o,2613,933.306648877
2629,n,2614,933.573425915
2630,s,2615,933.915193942
2631,d,2616,934.304780867
2632,i,2617,935.021230843
2633,e,2618,935.350307849
2634,r,2619,935.466676858
2635,i,2620,935.849103835
2636,n,2621,936.132931855
2637,g,2622,936.339031842
2638, ,2623,936.555608895
2639,i,2624,937.08100095
2640,n,2625,937.32298198
2641, ,2626,937.694622901
2642,h,2627,938.265833762
2643,e,2628,938.588540938
2644,r,2629,938.841475871
2645, ,2630,939.06640878
2646,o,2631,939.481816914
2647,w,2632,939.698464778
2648,n,2633,940.017473843
2649, ,2634,940.293887999
2650,m,2635,940.562499907
2651,i,2636,941.075993922
2652,n,2637,941.375503924
2653,d,2638,941.705005791
2654, ,2639,942.114686873
2655,a,2640,942.588576939
2656,s,2641,942.870490935
2657, ,2642,943.090056803
2658,w,2643,943.570069935
2659,e,2644,943.786898997
2660,l,2645,944.190074828
2661,l,2646,944.551599887
2662, ,2647,944.817487862
2663,a,2648,945.388592866
2664,s,2649,945.690849927
2665, ,2650,945.921846774
2666,s,2651,946.311198857
2667,h,2652,946.598265793
2668,e,2653,946.839177992
2669, ,2654,947.061269906
2670,c,2655,947.480935958
2671,o,2656,947.753543999
2672,u,2657,948.036172774
2673,l,2658,948.321427968
2674,d,2659,948.509314921
2675, ,2660,948.824148801
2676,f,2661,949.544338849
2677,o,2662,949.825632956
2678,r,2663,950.082635787
2679, ,2664,950.446259883
2680,t,2665,951.117086795
2681,h,2666,951.49640384
2682,e,2667,951.679210808
2683, ,2668,951.818061974
2684,h,2669,952.300888922
2685,o,2670,952.537258771
2686,t,2671,952.886644986
2687, ,2672,953.058596995
2688,d,2673,953.504658845
2689,a,2674,953.733286765
2690,y,2675,954.112677958
2691, ,2676,954.318850901
2692,m,2677,955.106667903
2693,a,2678,955.218584922
2694,d,2679,955.5322279
2695,e,2680,955.7185308
2696, ,2681,955.912578967
2697,h,2682,956.649501946
2698,e,2683,956.877225783
2699,r,2684,957.18147197
2700, ,2685,957.424522784
2701,f,2686,957.888640788
2702,e,2687,958.18042579
2703,e,2688,958.382193949
2704,l,2689,958.669223931
2705, ,2690,958.973227885
2706,v,2691,959.231674817
2707,e,2692,959.890567925
2708,r,2693,960.152421858
2709,y,2694,960.484826949
2710, ,2695,960.681639817
2711,s,2696,961.298307803
2712,l,2697,961.52422395
2713,e,2698,961.820254948
2714,e,2699,962.041562941
2715,p,2700,962.392670777
2716,y,2701,962.66989794
2717, ,2702,962.981097844
2718,a,2703,963.486740973
2719,n,2704,963.702871945
2720,d,2705,963.883516934
2721, ,2706,964.307671931
2722,s,2707,964.826162961
2723,t,2708,965.159044888
2724,u,2709,965.441354897
2725,p,2710,965.800491955
2726,i,2711,966.042023804
2727,d,2712,966.381352809
2728, ,2713,966.875773814
2729,w,2714,967.433044818
2730,h,2715,967.756182816
2731,e,2716,967.940774825
2732,t,2717,968.213717845
2733,h,2718,968.418242839
2734,e,2719,968.669068959
2735,r,2720,968.917362836
2736, ,2721,969.216601994
2737,t,2722,969.808456805
2738,h,2723,970.036461976
2739,e,2724,970.308095839
2740, ,2725,970.596808818
2741,p,2726,971.399993804
2742,l,2727,971.756816771
2743,e,2728,971.940098908
2744,a,2729,972.237961915
2745,s,2730,972.479330924
2746,u,2731,972.852541831
2747,r,2732,973.125931885
2748,e,2733,973.34176698
2749, ,2734,973.984771874
2750,o,2735,974.61113086
2751,f,2736,974.892176774
2752, ,2737,975.21458092
2753,m,2738,975.887510922
2754,a,2739,976.102427867
2755,k,2740,976.388937857
2756,i,2741,976.717973855
2757,n,2742,976.995959904
2758,g,2743,977.152405884
2759, ,2744,977.509236958
2760,a,2745,978.138500836
2761, ,2746,978.443803933
2762,d,2747,979.04321089
2763,a,2748,979.284752991
2764,i,2749,979.587998774
2765,s,2750,979.72467294
2766,y,2751,980.083567765
2767, ,2752,980.243480828
2768,c,2753,980.504673865
2769,h,2754,980.835773852
2770,a,2755,981.160486844
2771,i,2756,981.37842479
2772,n,2757,981.684740927
2773, ,2758,981.955424931
2774,w,2759,982.71883693
2775,o,2760,983.000327971
2776,u,2761,983.23703995
2777,l,2762,983.505624917
2778,d,2763,983.795533803
2779, ,2764,984.140843775
2780,b,2765,984.844283965
2781,e,2766,985.115916875
2782, ,2767,985.463292983
2783,w,2768,985.849531796
2784,o,2769,986.121676829
2785,r,2770,986.302719977
2786,t,2771,986.670476821
2787,h,2772,986.932055857
2788, ,2773,987.316474822
2789,t,2774,987.979146865
2790,h,2775,988.251302865
2791,e,2776,988.489028838
2792, ,2777,988.647962954
2793,t,2778,989.110108998
2794,r,2779,989.399562981
2795,o,2780,989.729437974
2796,u,2781,989.988052991
2797,b,2782,990.272936967
2798,l,2783,990.488132861
2799,e,2784,990.710606959
2800, ,2785,991.088811782
2801,t,2786,991.752108958
2802,h,2787,991.98447099
2803,e,2788,992.270275977
2804,r,2789,992.585375931
2805,e,2790,992.848766949
2806, ,2791,993.075212863
2807,w,2792,993.562569764
2808,a,2793,993.866534856
2809,s,2794,994.133733895
2810, ,2795,994.434156802
2811,n,2796,995.008068946
2812,o,2797,995.291521933
2813,t,2798,995.588966992
2814,h,2799,995.802047875
2815,i,2800,996.052882817
2816,n,2801,996.29912391
2817,g,2802,996.635745909
2818, ,2803,996.859430936
2819,s,2804,997.428329852
2820,o,2805,997.623884823
2821, ,2806,998.051207926
2822,v,2807,998.561426785
2823,e,2808,998.827523854
2824,r,2809,999.074508813
2825,y,2810,999.387999919
2826, ,2811,999.723825839
2827,r,2812,1000.41139283
2828,e,2813,1000.51268282
2829,m,2814,1000.94642678
2830,a,2815,1001.22442379
2831,r,2816,1001.50779285
2832,k,2817,1001.83572593
2833,a,2818,1002.07500377
2834,b,2819,1002.38770499
2835,l,2820,1002.58013883
2836,e,2821,1002.85924997
2837, ,2822,1003.20805183
2838,a,2823,1003.77524581
2839,b,2824,1004.11093988
2840,o,2825,1004.45330586
2841,u,2826,1004.60349097
2842,t,2827,1004.90986481
2843, ,2828,1005.10829392
2844,t,2829,1005.31112185
2845,h,2830,1005.61907592
2846,a,2831,1005.90600886
2847,t,2832,1006.21823087
2848, ,2833,1006.4327549
2849,i,2834,1007.07443776
2850,n,2835,1007.85150185
2851, ,2836,1008.09561887
2852,i,2837,1008.6085309
2853,t,2838,1008.85521283
2854, ,2839,1009.01791277
2855,n,2840,1009.62482896
2856,o,2841,1009.89809885
2857,r,2842,1010.1864399
2858, ,2843,1010.4603919
2859,d,2844,1010.82735386
2860,i,2845,1011.00600281
2861,d,2846,1011.2044188
2862, ,2847,1011.44447389
2863,a,2848,1011.81534591
2864,l,2849,1012.09493079
2865,i,2850,1012.37582293
2866,c,2851,1012.69124785
2867,e,2852,1012.97968998
2868, ,2853,1013.14854899
2869,t,2854,1013.69200792
2870,h,2855,1013.86108699
2871,i,2856,1014.10926094
2872,n,2857,1014.3874959
2873,k,2858,1014.71034899
2874, ,2859,1014.97668996
2875,i,2860,1015.5914928
2876,t,2861,1015.90226593
2877, ,2862,1016.147679
2878,s,2863,1016.7549068
2879,o,2864,1017.10498991
2880, ,2865,1017.32144394
2881,v,2866,1017.77594676
2882,e,2867,1018.14612999
2883,r,2868,1018.36742082
2884,y,2869,1018.74721994
2885, ,2870,1018.94635978
2886,m,2871,1019.50250497
2887,u,2872,1019.81734886
2888,c,2873,1020.09693995
2889,h,2874,1020.30359783
2890, ,2875,1020.6986958
2891,o,2876,1021.28743281
2892,u,2877,1021.55781188
2893,t,2878,1021.83881989
2894, ,2879,1022.25002184
2895,none,-1,1022.81091991
2896,o,2880,1022.82183781
2897,f,2881,1023.08404698
2898, ,2882,1023.41822686
2899,t,2883,1024.1176528
2900,h,2884,1024.45338883
2901,e,2885,1024.74373379
2902, ,2886,1024.98717179
2903,w,2887,1025.51965394
2904,a,2888,1025.80056181
2905,y,2889,1026.2476789
2906, ,2890,1026.44975295
2907,t,2891,1027.23916688
2908,o,2892,1027.49739685
2909, ,2893,1027.72747293
2910,h,2894,1028.17696991
2911,e,2895,1028.39543786
2912,a,2896,1028.66562786
2913,r,2897,1028.96861186
2914, ,2898,1029.16725483
2915,t,2899,1029.75784388
2916,h,2900,1030.08291187
2917,e,2901,1030.38215485
2918, ,2902,1030.70464077
2919,r,2903,1031.31127896
2920,a,2904,1031.564253
2921,b,2905,1031.90567579
2922,b,2906,1032.12114396
2923,i,2907,1032.52001276
2924,t,2908,1032.76687398
2925, ,2909,1033.32089987
2926,s,2910,1033.82164493
2927,a,2911,1034.05912676
2928,y,2912,1034.41043391
2929, ,2913,1034.70184984
2930,t,2914,1035.38685885
2931,o,2915,1035.64983096
2932, ,2916,1035.91136589
2933,i,2917,1036.5067729
2934,t,2918,1036.66422477
2935,s,2919,1036.96741095
2936,e,2920,1037.22330895
2937,l,2921,1037.51570191
2938,f,2922,1037.73497191
2939, ,2923,1037.94134989
2940,o,2924,1038.61556497
2941,h,2925,1038.93182888
2942, ,2926,1039.24000993
2943,d,2927,1039.71726384
2944,e,2928,1039.98547783
2945,a,2929,1040.24610391
2946,r,2930,1040.51333799
2947, ,2931,1040.71982279
2948,o,2932,1041.16607084
2949,h,2933,1041.56363788
2950, ,2934,1041.84198489
2951,d,2935,1042.4135169
2952,e,2936,1042.6974298
2953,a,2937,1042.94313088
2954,r,2938,1043.25662484
2955, ,2939,1043.53656998
2956,i,2940,1044.38971391
2957, ,2941,1044.61725798
2958,s,2942,1045.11404886
2959,h,2943,1045.29998388
2960,a,2944,1045.4645659
2961,l,2945,1045.72946897
2962,l,2946,1046.48941197
2963, ,2947,1046.66668787
2964,b,2948,1047.03375783
2965,e,2949,1047.32304587
2966, ,2950,1047.57753792
2967,t,2951,1048.06577578
2968,o,2952,1048.41073885
2969,o,2953,1048.59558096
2970, ,2954,1048.84086289
2971,l,2955,1049.17985191
2972,a,2956,1049.4740788
2973,t,2957,1049.8159689
2974,e,2958,1050.06866279
2975, ,2959,1050.35969486
2976,w,2960,1050.822503
2977,h,2961,1051.14681997
2978,e,2962,1051.36060276
2979,n,2963,1051.56369486
2980, ,2964,1051.87456384
2981,s,2965,1052.16828098
2982,h,2966,1052.59541979
2983,e,2967,1052.80821099
2984, ,2968,1052.99022379
2985,t,2969,1053.51696982
2986,h,2970,1053.7361249
2987,o,2971,1054.0092968
2988,u,2972,1054.33471885
2989,g,2973,1054.61695781
2990,h,2974,1054.86567893
2991,t,2975,1055.12399592
2992, ,2976,1055.35182896
2993,i,2977,1055.84763994
2994,t,2978,1055.98205199
2995, ,2979,1056.33610978
2996,o,2980,1056.79928579
2997,v,2981,1057.01849284
2998,e,2982,1057.30988779
2999,r,2983,1057.56722083
3000, ,2984,1057.9079968
3001,a,2985,1058.45593991
3002,f,2986,1058.70423188
3003,t,2987,1058.96534696
3004,e,2988,1059.22659698
3005,r,2989,1059.44019094
3006,w,2990,1059.67265191
3007,a,2991,1059.94827189
3008,r,2992,1060.23203578
3009,d,2993,1060.66572585
3010,s,2994,1060.88595095
3011, ,2995,1061.2947959
3012,s,2996,1061.92659297
3013,h,2997,1062.31655779
3014,e,2998,1062.52607384
3015, ,2999,1062.74013987
3016,r,3000,1063.37944999
3017,e,3001,1063.48987093
3018,a,3002,1063.97140184
3019,l,3003,1064.33746996
3020,i,3004,1064.61321988
3021,z,3005,1064.77184978
3022,e,3006,1065.07705584
3023,d,3007,1065.25927486
3024, ,3008,1065.66627994
3025,t,3009,1066.32782879
3026,h,3010,1066.54815092
3027,a,3011,1066.81514182
3028,t,3012,1067.0758728
3029, ,3013,1067.26486292
3030,s,3014,1067.78028479
3031,h,3015,1067.96029081
3032,e,3016,1068.26563397
3033, ,3017,1068.46070185
3034,o,3018,1068.96295991
3035,u,3019,1069.19304886
3036,g,3020,1069.46794882
3037,h,3021,1069.61631789
3038,t,3022,1069.96700897
3039, ,3023,1070.25284782
3040,t,3024,1070.85732689
3041,o,3025,1071.15214887
3042, ,3026,1071.37666693
3043,h,3027,1071.98783794
3044,a,3028,1072.17569795
3045,v,3029,1072.46859398
3046,e,3030,1072.68684878
3047, ,3031,1072.86874881
3048,w,3032,1073.36240091
3049,o,3033,1073.59911289
3050,n,3034,1073.87938299
3051,d,3035,1074.11785498
3052,e,3036,1074.42814889
3053,r,3037,1074.72036185
3054,e,3038,1075.01292076
3055,d,3039,1075.2433938
3056, ,3040,1075.50030079
3057,a,3041,1076.06588998
3058,t,3042,1076.68745294
3059, ,3043,1076.9294559
3060,t,3044,1077.45479789
3061,h,3045,1077.79652395
3062,i,3046,1078.01564684
3063,s,3047,1078.30249085
3064, ,3048,1078.6047329
3065,z,3049,1078.98357692
3066,e,3050,1079.36637797
3067,b,3051,1079.70027795
3068,r,3052,1080.00902286
3069,a,3053,1080.22098794
3070, ,3054,1080.50035682
3071,x,3055,1081.13328185
3072,y,3056,1081.49948087
3073,l,3057,1081.69352093
3074,o,3058,1082.01246991
3075,p,3059,1082.18312397
3076,h,3060,1082.5511488
3077,o,3061,1082.77141395
3078,n,3062,1083.06686177
3079,e,3063,1083.33386388
3080, ,3064,1083.65130892
3081,b,3065,1084.24366298
3082,u,3066,1084.51949682
3083,t,3067,1084.74591293
3084, ,3068,1084.96116891
3085,f,3069,1085.60155478
3086,o,3070,1085.84888687
3087,r,3071,1086.00936999
3088, ,3072,1086.21902599
3089,i,3073,1086.44256988
3090,t,3074,1086.95566096
3091, ,3075,1087.25375881
3092,f,3076,1087.7030498
3093,l,3077,1088.08495584
3094,a,3078,1088.33314791
3095,s,3079,1088.62009087
3096,h,3080,1088.93117085
3097,e,3081,1089.17979279
3098,d,3082,1089.38685098
3099, ,3083,1089.74032679
3100,a,3084,1090.31711998
3101,c,3085,1090.55429187
3102,r,3086,1090.86768189
3103,o,3087,1091.20577993
3104,s,3088,1091.39578095
3105,s,3089,1091.62836185
3106, ,3090,1091.93175783
3107,none,-1,1092.43656387
3108,h,3091,1092.44714298
3109,e,3092,1092.65386095
3110,r,3093,1092.91801181
3111, ,3094,1093.1003088
3112,m,3095,1093.45128598
3113,i,3096,1093.78129091
3114,n,3097,1094.02823987
3115,d,3098,1094.28878894
3116, ,3099,1094.6066288
3117,t,3100,1095.12614193
3118,h,3101,1095.32522693
3119,a,3102,1095.58989682
3120,t,3103,1095.85130897
3121, ,3104,1096.03850379
3122,s,3105,1096.53529396
3123,h,3106,1096.70827689
3124,e,3107,1097.00532188
3125, ,3108,1097.24781194
3126,h,3109,1097.88501682
3127,a,3110,1098.0425488
3128,d,3111,1098.31279578
3129, ,3112,1098.50261583
3130,n,3113,1098.8622488
3131,e,3114,1099.02744498
3132,v,3115,1099.32373681
3133,e,3116,1099.59968891
3134,r,3117,1099.66819897
3135, ,3118,1100.11252394
3136,s,3119,1100.61012497
3137,e,3120,1100.85475698
3138,e,3121,1101.0628449
3139,n,3122,1101.37599077
3140, ,3123,1101.68815293
3141,a,3124,1101.89870586
3142, ,3125,1102.55075278
3143,r,3126,1102.92052188
3144,a,3127,1103.15345683
3145,b,3128,1103.52122083
3146,b,3129,1103.73979392
3147,i,3130,1104.05569592
3148,t,3131,1104.24681082
3149, ,3132,1104.5905818
3150,w,3133,1105.11641493
3151,i,3134,1105.30071678
3152,t,3135,1105.48580685
3153,h,3136,1105.67017498
3154, ,3137,1106.04387488
3155,e,3138,1106.47346582
3156,i,3139,1106.7965528
3157,t,3140,1106.98139491
3158,h,3141,1107.5053679
3159,e,3142,1107.7573339
3160,r,3143,1108.04083982
3161, ,3144,1108.2694129
3162,a,3145,1108.80412593
3163, ,3146,1108.96838894
3164,p,3147,1109.31081095
3165,o,3148,1109.64150682
3166,c,3149,1109.80774989
3167,k,3150,1109.96400776
3168,e,3151,1110.19067779
3169,t,3152,1110.47730484
3170, ,3153,1110.69055786
3171,o,3154,1111.34346881
3172,r,3155,1111.59297195
3173, ,3156,1111.91641178
3174,a,3157,1112.78814783
3175, ,3158,1113.14172783
3176,w,3159,1113.63034787
3177,a,3160,1113.84833279
3178,t,3161,1114.14315095
3179,c,3162,1114.42844787
3180,h,3163,1114.78282585
3181, ,3164,1115.09649577
3182,t,3165,1115.72957482
3183,o,3166,1115.97548189
3184, ,3167,1116.19387593
3185,t,3168,1116.6089119
3186,a,3169,1116.84474196
3187,k,3170,1117.07273188
3188,e,3171,1117.25806298
3189, ,3172,1117.64871588
3190,o,3173,1118.08551588
3191,u,3174,1118.39639487
3192,t,3175,1118.6045188
3193, ,3176,1118.83450093
3194,o,3177,1119.09760299
3195,f,3178,1119.31560888
3196, ,3179,1119.67526999
3197,i,3180,1120.18780484
3198,t,3181,1120.38287082
3199, ,3182,1120.61585679
3200,a,3183,1121.20336595
3201,n,3184,1121.36091986
3202,d,3185,1121.6211988
3203, ,3186,1121.8582479
3204,b,3187,1122.39200678
3205,u,3188,1122.56058779
3206,n,3189,1122.92325893
3207,i,3190,1123.27295485
3208,n,3191,1123.52395096
3209,g,3192,1123.75930395
3210, ,3193,1123.9887568
3211,w,3194,1124.58905783
3212,i,3195,1124.76765099
3213,t,3196,1125.06311789
3214,h,3197,1125.26802983
3215, ,3198,1125.52724185
3216,c,3199,1125.95252695
3217,u,3200,1126.17150583
3218,r,3201,1126.43273487
3219,i,3202,1126.64963999
3220,o,3203,1126.90234199
3221,s,3204,1127.10072079
3222,i,3205,1127.32202497
3223,t,3206,1127.59613695
3224,y,3207,1127.88513579
3225, ,3208,1128.14936295
3226,s,3209,1128.8439888
3227,h,3210,1129.18919888
3228,e,3211,1129.39879384
3229, ,3212,1129.71634188
3230,r,3213,1130.39419999
3231,a,3214,1130.67006578
3232,n,3215,1130.97273698
3233, ,3216,1131.23777189
3234,a,3217,1131.87336984
3235,c,3218,1132.11860385
3236,r,3219,1132.361864
3237,o,3220,1132.73968687
3238,s,3221,1132.92320099
3239,none,-1,1133.15977898
3240,s,3222,1133.17314377
3241, ,3223,1133.43301382
3242,t,3224,1133.98916593
3243,h,3225,1134.26152577
3244,e,3226,1134.40587797
3245, ,3227,1134.74815598
3246,f,3228,1135.33945289
3247,i,3229,1135.53328481
3248,e,3230,1135.85759678
3249,l,3231,1136.15747085
3250,d,3232,1136.33213487
3251, ,3233,1136.54084888
3252,a,3234,1137.1081399
3253,f,3235,1137.3629488
3254,t,3236,1137.63614597
3255,e,3237,1137.93276396
3256,r,3238,1138.16373577
3257, ,3239,1138.5340518
3258,i,3240,1139.14404597
3259,t,3241,1139.44665899
3260, ,3242,1139.76014795
3261,a,3243,1140.61682882
3262,n,3244,1140.82476893
3263,d,3245,1141.14539495
3264, ,3246,1141.42365279
3265,s,3247,1142.12374392
3266,h,3248,1142.43741288
3267,e,3249,1142.74352398
3268, ,3250,1142.92940488
3269,w,3251,1144.26112189
3270,a,3252,1144.45383492
3271,n,3253,1144.74007788
3272,t,3254,1144.97593894
3273,e,3255,1145.24908295
3274,d,3256,1145.47226396
3275, ,3257,1145.74266496
3276,t,3258,1146.26460996
3277,o,3259,1146.43002691
3278, ,3260,1146.84092298
3279,t,3261,1147.26994696
3280,h,3262,1147.42680397
3281,i,3263,1147.70381894
3282,n,3264,1147.95661297
3283,k,3265,1148.31557384
3284, ,3266,1148.80749097
3285,a,3267,1149.29334178
3286,b,3268,1149.59007587
3287,o,3269,1149.85007587
3288,u,3270,1150.09323993
3289,t,3271,1150.3116168
3290, ,3272,1150.54606381
3291,i,3273,1151.44815888
3292,t,3274,1151.69334092
3293, ,3275,1151.9956378
3294,b,3276,1152.37476983
3295,e,3277,1152.60299387
3296,f,3278,1152.90196481
3297,o,3279,1153.1179389
3298,r,3280,1153.33168187
3299,e,3281,1153.41148081
3300, ,3282,1153.85900178
3301,s,3283,1154.44422283
3302,t,3284,1154.75313892
3303,p,3285,1154.99751797
3304,p,3286,1155.75080886
3305,i,3287,1156.09255686
3306,n,3288,1156.34405198
3307,g,3289,1156.56388393
3308, ,3290,1156.77558699
3309,h,3291,1157.29694476
3310,e,3292,1157.4848608
3311,r,3293,1157.70836082
3312,s,3294,1157.98141589
3313,e,3295,1158.31864896
3314,l,3296,1158.5849649
3315,f,3297,1158.79089894
3316, ,3298,1159.07061687
3317,a,3299,1159.8028728
3318,n,3300,1160.1156508
3319,d,3301,1160.51388183
3320, ,3302,1160.69901385
3321,f,3303,1161.08460488
3322,a,3304,1161.33371296
3323,l,3305,1161.80398097
3324,i,3306,1162.19125691
3325,n,3307,1162.42283788
3326,g,3308,1162.77931299
3327, ,3309,1163.03154793
3328,d,3310,1163.65534391
3329,o,3311,1163.78985491
3330,w,3312,1164.10224381
3331,n,3313,1164.25441995
3332, ,3314,1164.51391187
3333,w,3315,1165.11389699
3334,h,3316,1165.42534795
3335,a,3317,1165.66687884
3336,t,3318,1165.93779483
3337, ,3319,1166.10794797
3338,s,3320,1166.56212082
3339,e,3321,1166.83088579
3340,e,3322,1167.42419281
3341,m,3323,1167.59979477
3342,e,3324,1167.64154687
3343,d,3325,1167.88736882
3344, ,3326,1168.09894981
3345,t,3327,1168.92690697
3346,o,3328,1169.22326794
3347, ,3329,1169.52335587
3348,b,3330,1169.90531578
3349,e,3331,1170.17688098
3350, ,3332,1170.42069283
3351,a,3333,1170.5602118
3352, ,3334,1171.19309082
3353,v,3335,1171.60015693
3354,e,3336,1171.82813587
3355,r,3337,1172.05015984
3356,y,3338,1172.39025488
3357, ,3339,1172.58265081
3358,d,3340,1172.8496398
3359,e,3341,1173.25923481
3360,e,3342,1173.44311085
3361,p,3343,1173.74094286
3362, ,3344,1174.04900494
3363,w,3345,1174.53284183
3364,e,3346,1174.78067794
3365,l,3347,1175.13870182
3366,l,3348,1175.36123576
3367, ,3349,1175.73939576
3368,i,3350,1176.28754487
3369,n,3351,1176.61148181
3370, ,3352,1176.84267988
3371,a,3353,1177.34957686
3372,n,3354,1177.56143799
3373,o,3355,1177.85425677
3374,t,3356,1178.15332999
3375,h,3357,1178.3648509
3376,e,3358,1178.62869897
3377,r,3359,1178.85612478
3378, ,3360,1179.11924782
3379,m,3361,1179.57091084
3380,o,3362,1179.81543198
3381,m,3363,1180.03394094
3382,e,3364,1180.24221196
3383,n,3365,1180.55528178
3384,t,3366,1180.73961082
3385, ,3367,1180.96835294
3386,a,3368,1181.6002008
3387,l,3369,1181.81780686
3388,i,3370,1182.13080683
3389,c,3371,1182.45660486
3390,e,3372,1182.74849882
3391, ,3373,1182.93551889
3392,w,3374,1183.40619483
3393,e,3375,1183.74941077
3394,n,3376,1183.9463388
3395,t,3377,1184.22244086
3396, ,3378,1184.56305685
3397,d,3379,1185.0565268
3398,o,3380,1185.22933092
3399,w,3381,1185.44254985
3400,n,3382,1185.70786085
3401, ,3383,1186.06981888
3402,a,3384,1186.58985391
3403,f,3385,1186.83560791
3404,t,3386,1187.07201781
3405,e,3387,1187.43410482
3406,r,3388,1187.64014497
3407, ,3389,1187.96158781
3408,i,3390,1188.50716677
3409,t,3391,1188.7710618
3410, ,3392,1188.97219076
3411,n,3393,1189.66421094
3412,e,3394,1189.96363487
3413,v,3395,1190.24731698
3414,e,3396,1190.61728087
3415,r,3397,1190.86338677
3416, ,3398,1191.12789288
3417,c,3399,1191.73075595
3418,o,3400,1191.99667492
3419,n,3401,1192.24642983
3420,s,3402,1192.53832188
3421,i,3403,1192.75769296
3422,d,3404,1192.92270579
3423,e,3405,1193.28060999
3424,r,3406,1193.50351777
3425,i,3407,1193.76732888
3426,n,3408,1194.02687993
3427,g,3409,1194.26397195
3428, ,3410,1194.4495739
3429,h,3411,1195.03547683
3430,o,3412,1195.32462492
3431,w,3413,1195.6015388
3432, ,3414,1195.79653778
3433,i,3415,1196.32974091
3434,n,3416,1196.6189188
3435, ,3417,1196.91419592
3436,t,3418,1197.39693799
3437,h,3419,1197.66833677
3438,e,3420,1197.85379996
3439, ,3421,1198.12364593
3440,w,3422,1198.64082589
3441,o,3423,1198.86602798
3442,r,3424,1199.06637993
3443,l,3425,1199.30233088
3444,d,3426,1199.52372899
3445, ,3427,1199.77960887
3446,s,3428,1200.37692895
3447,h,3429,1200.57721081
3448,e,3430,1200.85017099
3449, ,3431,1201.13418999
3450,w,3432,1201.70252194
3451,a,3433,1201.95910587
3452,s,3434,1202.15386381
3453, ,3435,1202.39496985
3454,t,3436,1202.86917296
3455,o,3437,1203.10947981
3456, ,3438,1203.34667983
3457,g,3439,1203.69510379
3458, ,3440,1204.13652887
3459,e,3441,1204.70909777
3460,t,3442,1204.96185699
3461, ,3443,1205.16481891
3462,o,3444,1205.53638687
3463,u,3445,1205.60262599
3464,t,3446,1205.86942496
3465, ,3447,1206.15252199
3466,a,3448,1206.60343995
3467,g,3449,1206.88063278
3468,a,3450,1207.134864
3469,i,3451,1207.49302688
3470,n,3452,1207.81799593
